mesh_name,G_N,G_NNZ,solver_type,ordering_type,nd_levels,patch_type,patch_size,patch_time,factor/matrix NNZ ratio,ordering_time,ordering_integration_time,analysis_time,factorization_time,solve_time,residual
bunnyhead,1550,10648,MKL,PATCH_ORDERING,0,rxmesh,32,2.06643,4.69947,15,0,6,2,0,3.31371e-15
bunnyhead,1550,10648,MKL,PATCH_ORDERING,0,rxmesh,64,4.4329,4.17684,10,0,7,30,0,3.3279e-15
bunnyhead,1550,10648,MKL,PATCH_ORDERING,0,rxmesh,128,3.61341,3.97849,8,0,14,34,0,3.32903e-15
bunnyhead,1550,10648,MKL,PATCH_ORDERING,0,rxmesh,256,4.43597,3.11721,7,0,6,1,0,3.31449e-15
bunnyhead,1550,10648,MKL,PATCH_ORDERING,0,rxmesh,512,2.63987,3.06452,6,0,6,47,0,3.30508e-15
bunnyhead,1550,10648,MKL,PATCH_ORDERING,0,metis_kway,32,42.1219,4.39801,12,0,9,33,0,3.27017e-15
bunnyhead,1550,10648,MKL,PATCH_ORDERING,0,metis_kway,64,16.3987,4.30813,6,0,7,38,0,3.28568e-15
bunnyhead,1550,10648,MKL,PATCH_ORDERING,0,metis_kway,128,8.56966,3.13439,4,0,15,42,0,3.32842e-15
bunnyhead,1550,10648,MKL,PATCH_ORDERING,0,metis_kway,256,4.50523,2.99164,2,0,9,2,0,3.28966e-15
bunnyhead,1550,10648,MKL,PATCH_ORDERING,0,metis_kway,512,2.41716,3.22248,4,0,19,58,0,3.32743e-15
squircle,2020,14094,MKL,PATCH_ORDERING,0,rxmesh,32,4.97562,5.39868,19,0,7,23,0,3.77798e-15
squircle,2020,14094,MKL,PATCH_ORDERING,0,rxmesh,64,1.88006,4.56648,10,0,12,35,0,3.69127e-15
squircle,2020,14094,MKL,PATCH_ORDERING,0,rxmesh,128,1.73344,4.47559,6,0,7,14,0,3.7891e-15
squircle,2020,14094,MKL,PATCH_ORDERING,0,rxmesh,256,4.43174,4.01689,4,0,10,31,0,3.78297e-15
squircle,2020,14094,MKL,PATCH_ORDERING,0,rxmesh,512,3.42938,4.30197,5,0,10,37,0,3.7907e-15
squircle,2020,14094,MKL,PATCH_ORDERING,0,metis_kway,32,42.1989,4.98205,11,0,7,3,1,3.76737e-15
squircle,2020,14094,MKL,PATCH_ORDERING,0,metis_kway,64,22.4041,5.05336,12,0,11,16,0,3.75736e-15
squircle,2020,14094,MKL,PATCH_ORDERING,0,metis_kway,128,11.739,4.27451,9,0,9,28,1,3.79955e-15
squircle,2020,14094,MKL,PATCH_ORDERING,0,metis_kway,256,6.20608,3.95338,5,0,10,1,0,3.70177e-15
squircle,2020,14094,MKL,PATCH_ORDERING,0,metis_kway,512,8.1569,3.80438,16,0,14,49,0,3.72336e-15
plane_subdiv,2209,15169,MKL,PATCH_ORDERING,0,rxmesh,64,4.87629,2.44248,12,0,14,17,0,3.64045e-15
plane_subdiv,2209,15169,MKL,PATCH_ORDERING,0,rxmesh,128,6.1696,2.80196,9,0,11,66,1,3.6859e-15
plane_subdiv,2209,15169,MKL,PATCH_ORDERING,0,rxmesh,256,7.25504,2.15848,7,0,14,20,0,3.66963e-15
plane_subdiv,2209,15169,MKL,PATCH_ORDERING,0,rxmesh,512,7.21818,1.84495,4,0,12,1,0,3.65159e-15
plane_subdiv,2209,15169,MKL,PATCH_ORDERING,0,metis_kway,32,65.9085,2.57011,20,0,10,36,1,3.65106e-15
plane_subdiv,2209,15169,MKL,PATCH_ORDERING,0,metis_kway,64,26.8655,2.79287,12,0,11,52,0,3.65747e-15
plane_subdiv,2209,15169,MKL,PATCH_ORDERING,0,metis_kway,128,10.1436,2.2747,6,0,11,43,0,3.67438e-15
plane_subdiv,2209,15169,MKL,PATCH_ORDERING,0,metis_kway,256,6.02662,2.02096,7,0,8,25,0,3.64347e-15
plane_subdiv,2209,15169,MKL,PATCH_ORDERING,0,metis_kway,512,3.34372,2.00422,4,0,15,16,1,3.66442e-15
triceratops,2832,19812,MKL,PATCH_ORDERING,0,rxmesh,32,3.09965,4.15935,23,0,14,5,0,4.44294e-15
triceratops,2832,19812,MKL,PATCH_ORDERING,0,rxmesh,64,4.15334,3.89607,17,0,9,4,0,4.44231e-15
triceratops,2832,19812,MKL,PATCH_ORDERING,0,rxmesh,128,2.20154,3.94968,11,0,15,17,0,4.42011e-15
triceratops,2832,19812,MKL,PATCH_ORDERING,0,rxmesh,256,4.13901,3.41848,8,0,7,4,1,4.50718e-15
triceratops,2832,19812,MKL,PATCH_ORDERING,0,rxmesh,512,4.39501,3.15597,4,0,8,32,8,4.43631e-15
triceratops,2832,19812,MKL,PATCH_ORDERING,0,metis_kway,32,62.0026,4.22562,22,0,8,3,0,4.45671e-15
triceratops,2832,19812,MKL,PATCH_ORDERING,0,metis_kway,64,32.5488,3.41177,19,0,9,3,0,4.47183e-15
triceratops,2832,19812,MKL,PATCH_ORDERING,0,metis_kway,128,16.9644,3.31032,7,0,10,12,0,4.49777e-15
triceratops,2832,19812,MKL,PATCH_ORDERING,0,metis_kway,256,8.79245,2.96426,7,0,10,42,2,4.45264e-15
triceratops,2832,19812,MKL,PATCH_ORDERING,0,metis_kway,512,4.78668,2.57455,14,0,7,4,4,4.4174e-15
cloth_uni_loop,3430,23540,MKL,PATCH_ORDERING,0,rxmesh,32,5.10464,4.35646,36,0,10,46,3,4.97601e-15
cloth_uni_loop,3430,23540,MKL,PATCH_ORDERING,0,rxmesh,64,6.05594,3.64316,20,0,7,22,0,4.86533e-15
cloth_uni_loop,3430,23540,MKL,PATCH_ORDERING,0,rxmesh,128,4.60266,3.79758,12,0,10,32,0,4.84018e-15
cloth_uni_loop,3430,23540,MKL,PATCH_ORDERING,0,rxmesh,256,7.31344,3.61355,7,0,12,3,0,4.93798e-15
cloth_uni_loop,3430,23540,MKL,PATCH_ORDERING,0,rxmesh,512,10.1243,3.33288,5,0,12,39,1,4.91914e-15
cloth_uni_loop,3430,23540,MKL,PATCH_ORDERING,0,metis_kway,32,97.896,3.97485,22,0,15,2,0,4.89806e-15
cloth_uni_loop,3430,23540,MKL,PATCH_ORDERING,0,metis_kway,64,38.4487,3.60013,19,0,13,61,1,4.90454e-15
cloth_uni_loop,3430,23540,MKL,PATCH_ORDERING,0,metis_kway,128,19.5446,3.24728,7,0,8,2,0,4.90562e-15
cloth_uni_loop,3430,23540,MKL,PATCH_ORDERING,0,metis_kway,256,10.1357,3.09452,4,0,14,26,0,4.91617e-15
cloth_uni_loop,3430,23540,MKL,PATCH_ORDERING,0,metis_kway,512,5.21073,3.33309,4,0,13,7,3,4.86651e-15
torus,4608,32256,MKL,PATCH_ORDERING,0,rxmesh,32,9.7536,6.29545,43,0,9,7,3,5.55188e-15
torus,4608,32256,MKL,PATCH_ORDERING,0,rxmesh,64,4.19738,6.40141,23,0,11,7,0,5.4987e-15
torus,4608,32256,MKL,PATCH_ORDERING,0,rxmesh,128,2.1504,5.15916,15,0,8,6,0,5.52033e-15
torus,4608,32256,MKL,PATCH_ORDERING,0,rxmesh,256,2.81702,4.33383,8,0,9,79,4,5.52509e-15
torus,4608,32256,MKL,PATCH_ORDERING,0,rxmesh,512,3.19488,4.42417,5,0,10,7,1,5.48797e-15
torus,4608,32256,MKL,PATCH_ORDERING,0,metis_kway,32,104.863,5.79055,37,0,13,8,0,5.5737e-15
torus,4608,32256,MKL,PATCH_ORDERING,0,metis_kway,64,72.1522,4.44045,26,0,13,27,3,5.45734e-15
torus,4608,32256,MKL,PATCH_ORDERING,0,metis_kway,128,29.3018,4.24405,15,0,10,6,0,5.55534e-15
torus,4608,32256,MKL,PATCH_ORDERING,0,metis_kway,256,15.8002,4.91171,9,0,10,33,0,5.59066e-15
torus,4608,32256,MKL,PATCH_ORDERING,0,metis_kway,512,8.83116,4.15265,9,0,9,16,2,5.50703e-15
sphere5,6146,43010,MKL,PATCH_ORDERING,0,rxmesh,32,6.87814,6.62118,47,0,10,5,1,6.67399e-15
sphere5,6146,43010,MKL,PATCH_ORDERING,0,rxmesh,64,2.74227,6.11216,39,0,14,67,3,6.67685e-15
sphere5,6146,43010,MKL,PATCH_ORDERING,0,rxmesh,128,2.82726,5.67259,24,0,9,6,1,6.68396e-15
sphere5,6146,43010,MKL,PATCH_ORDERING,0,rxmesh,256,4.44314,5.87389,15,0,9,7,1,6.72705e-15
sphere5,6146,43010,MKL,PATCH_ORDERING,0,rxmesh,512,4.79027,5.55059,10,0,14,39,2,6.69323e-15
sphere5,6146,43010,MKL,PATCH_ORDERING,0,metis_kway,32,141.505,6.88958,43,0,9,14,1,6.71861e-15
sphere5,6146,43010,MKL,PATCH_ORDERING,0,metis_kway,64,76.6097,6.08854,25,0,15,8,1,6.71666e-15
sphere5,6146,43010,MKL,PATCH_ORDERING,0,metis_kway,128,40.6633,6.08317,19,0,10,29,1,6.63786e-15
sphere5,6146,43010,MKL,PATCH_ORDERING,0,metis_kway,256,20.7221,5.90874,10,0,18,27,2,6.66673e-15
sphere5,6146,43010,MKL,PATCH_ORDERING,0,metis_kway,512,13.3269,5.7259,6,0,16,69,2,6.70025e-15
upsample_box,6146,43010,MKL,PATCH_ORDERING,0,rxmesh,32,4.1687,6.50091,46,0,9,4,1,6.56248e-15
upsample_box,6146,43010,MKL,PATCH_ORDERING,0,rxmesh,64,3.42938,6.11372,41,0,19,21,1,6.55562e-15
upsample_box,6146,43010,MKL,PATCH_ORDERING,0,rxmesh,128,3.53354,6.10542,23,0,20,109,2,6.57615e-15
upsample_box,6146,43010,MKL,PATCH_ORDERING,0,rxmesh,256,3.08429,5.91453,15,0,11,7,1,6.56381e-15
upsample_box,6146,43010,MKL,PATCH_ORDERING,0,rxmesh,512,3.66387,5.92727,8,0,9,25,0,6.50815e-15
upsample_box,6146,43010,MKL,PATCH_ORDERING,0,metis_kway,32,165.442,6.80356,42,0,9,9,1,6.58413e-15
upsample_box,6146,43010,MKL,PATCH_ORDERING,0,metis_kway,64,77.0277,6.32744,26,0,14,5,1,6.59638e-15
upsample_box,6146,43010,MKL,PATCH_ORDERING,0,metis_kway,128,49.7772,6.22804,16,0,16,38,1,6.51799e-15
upsample_box,6146,43010,MKL,PATCH_ORDERING,0,metis_kway,256,21.5739,6.00988,9,0,18,28,9,6.53349e-15
upsample_box,6146,43010,MKL,PATCH_ORDERING,0,metis_kway,512,11.4508,6.14315,11,0,15,31,9,6.53966e-15
Nicolo_da_Uzzano,6471,44963,MKL,PATCH_ORDERING,0,rxmesh,32,5.15891,5.01108,49,0,10,7,0,6.87738e-15
Nicolo_da_Uzzano,6471,44963,MKL,PATCH_ORDERING,0,rxmesh,64,5.13725,4.46058,41,0,10,4,1,6.84615e-15
Nicolo_da_Uzzano,6471,44963,MKL,PATCH_ORDERING,0,rxmesh,128,5.02784,4.2555,25,0,14,14,0,6.81647e-15
Nicolo_da_Uzzano,6471,44963,MKL,PATCH_ORDERING,0,rxmesh,256,4.80666,3.98952,13,0,11,5,1,6.8329e-15
Nicolo_da_Uzzano,6471,44963,MKL,PATCH_ORDERING,0,rxmesh,512,4.39194,3.95941,11,0,14,51,4,6.82723e-15
Nicolo_da_Uzzano,6471,44963,MKL,PATCH_ORDERING,0,metis_kway,32,144.99,4.98832,47,0,14,6,1,6.80712e-15
Nicolo_da_Uzzano,6471,44963,MKL,PATCH_ORDERING,0,metis_kway,64,78.0108,4.53339,26,0,10,4,1,6.83228e-15
Nicolo_da_Uzzano,6471,44963,MKL,PATCH_ORDERING,0,metis_kway,128,40.2831,4.03418,17,0,10,17,1,6.81979e-15
Nicolo_da_Uzzano,6471,44963,MKL,PATCH_ORDERING,0,metis_kway,256,22.2279,3.98677,9,0,13,27,4,6.81788e-15
Nicolo_da_Uzzano,6471,44963,MKL,PATCH_ORDERING,0,metis_kway,512,20.831,3.75607,7,0,13,33,6,6.81895e-15
Fennec_Fox,6563,45929,MKL,PATCH_ORDERING,0,rxmesh,32,10.9937,5.64426,48,0,12,19,1,6.87961e-15
Fennec_Fox,6563,45929,MKL,PATCH_ORDERING,0,rxmesh,64,2.68083,4.91176,41,0,9,16,1,6.8491e-15
Fennec_Fox,6563,45929,MKL,PATCH_ORDERING,0,rxmesh,128,3.72109,4.66426,30,0,13,72,1,6.85008e-15
Fennec_Fox,6563,45929,MKL,PATCH_ORDERING,0,rxmesh,256,4.97357,4.2697,15,0,10,5,0,6.8574e-15
Fennec_Fox,6563,45929,MKL,PATCH_ORDERING,0,rxmesh,512,7.74861,4.30713,8,0,10,19,0,6.79129e-15
Fennec_Fox,6563,45929,MKL,PATCH_ORDERING,0,metis_kway,32,171.803,5.1322,45,0,11,41,1,6.85081e-15
Fennec_Fox,6563,45929,MKL,PATCH_ORDERING,0,metis_kway,64,86.335,4.81241,25,0,10,8,6,6.81481e-15
Fennec_Fox,6563,45929,MKL,PATCH_ORDERING,0,metis_kway,128,45.462,4.34181,16,0,9,6,0,6.84636e-15
Fennec_Fox,6563,45929,MKL,PATCH_ORDERING,0,metis_kway,256,23.0783,4.31126,12,0,16,7,1,6.816e-15
Fennec_Fox,6563,45929,MKL,PATCH_ORDERING,0,metis_kway,512,12.8687,4.44702,11,0,14,8,3,6.83819e-15
squirrel,8800,61588,MKL,PATCH_ORDERING,0,rxmesh,32,147.804,5.47407,59,0,13,14,1,7.83232e-15
squirrel,8800,61588,MKL,PATCH_ORDERING,0,rxmesh,64,5.4057,5.07347,48,0,11,16,13,7.84298e-15
squirrel,8800,61588,MKL,PATCH_ORDERING,0,rxmesh,128,3.6352,4.76289,28,0,11,13,5,7.83103e-15
squirrel,8800,61588,MKL,PATCH_ORDERING,0,rxmesh,256,4.4728,5.09671,17,0,13,14,1,7.84073e-15
squirrel,8800,61588,MKL,PATCH_ORDERING,0,rxmesh,512,3.72326,4.26762,10,0,11,26,1,7.79453e-15
squirrel,8800,61588,MKL,PATCH_ORDERING,0,metis_kway,32,209.499,5.52772,53,0,12,13,1,7.86416e-15
squirrel,8800,61588,MKL,PATCH_ORDERING,0,metis_kway,64,112.869,4.99388,45,0,23,98,1,7.84667e-15
squirrel,8800,61588,MKL,PATCH_ORDERING,0,metis_kway,128,57.4896,4.40094,26,0,12,12,1,7.83206e-15
squirrel,8800,61588,MKL,PATCH_ORDERING,0,metis_kway,256,31.3486,4.33851,16,0,13,28,6,7.80783e-15
squirrel,8800,61588,MKL,PATCH_ORDERING,0,metis_kway,512,17.2805,4.09229,11,0,15,24,1,7.79488e-15
dragon,10000,70000,MKL,PATCH_ORDERING,0,rxmesh,32,6.84544,4.97111,62,0,21,11,1,8.39769e-15
dragon,10000,70000,MKL,PATCH_ORDERING,0,rxmesh,64,7.79478,4.71131,56,0,12,20,1,8.38848e-15
dragon,10000,70000,MKL,PATCH_ORDERING,0,rxmesh,128,6.31392,4.04771,32,0,16,8,1,8.37663e-15
dragon,10000,70000,MKL,PATCH_ORDERING,0,rxmesh,256,6.98566,3.75327,20,0,15,77,1,8.34509e-15
dragon,10000,70000,MKL,PATCH_ORDERING,0,rxmesh,512,8.47053,3.75077,12,0,14,8,5,8.38759e-15
dragon,10000,70000,MKL,PATCH_ORDERING,0,metis_kway,32,284.93,4.82597,62,0,22,14,3,8.39243e-15
dragon,10000,70000,MKL,PATCH_ORDERING,0,metis_kway,64,139.36,4.19517,48,0,18,64,3,8.32355e-15
dragon,10000,70000,MKL,PATCH_ORDERING,0,metis_kway,128,67.6759,3.75303,31,0,14,27,2,8.38483e-15
dragon,10000,70000,MKL,PATCH_ORDERING,0,metis_kway,256,37.3509,3.64751,19,0,16,26,4,8.38028e-15
dragon,10000,70000,MKL,PATCH_ORDERING,0,metis_kway,512,20.7417,3.67844,11,0,14,31,1,8.3868e-15
rocker-arm,10044,70308,MKL,PATCH_ORDERING,0,rxmesh,32,36.0878,4.79863,63,0,16,16,3,8.32685e-15
rocker-arm,10044,70308,MKL,PATCH_ORDERING,0,rxmesh,64,7.90947,4.52515,51,0,12,6,3,8.29788e-15
rocker-arm,10044,70308,MKL,PATCH_ORDERING,0,rxmesh,128,6.88333,4.27489,32,0,15,29,1,8.3031e-15
rocker-arm,10044,70308,MKL,PATCH_ORDERING,0,rxmesh,256,4.32435,4.17833,18,0,14,27,1,8.31311e-15
rocker-arm,10044,70308,MKL,PATCH_ORDERING,0,rxmesh,512,5.74134,3.96163,13,0,14,9,1,8.31889e-15
rocker-arm,10044,70308,MKL,PATCH_ORDERING,0,metis_kway,32,247.881,5.06809,59,0,14,12,3,8.32528e-15
rocker-arm,10044,70308,MKL,PATCH_ORDERING,0,metis_kway,64,124.663,4.28051,50,0,12,17,1,8.32942e-15
rocker-arm,10044,70308,MKL,PATCH_ORDERING,0,metis_kway,128,67.0751,4.19113,27,0,21,16,1,8.30782e-15
rocker-arm,10044,70308,MKL,PATCH_ORDERING,0,metis_kway,256,36.3087,3.77597,16,0,16,17,1,8.28891e-15
rocker-arm,10044,70308,MKL,PATCH_ORDERING,0,metis_kway,512,20.8121,3.75269,12,0,12,58,4,8.26491e-15
complex_tube,10841,76031,MKL,PATCH_ORDERING,0,rxmesh,32,5.69958,5.90855,72,0,15,20,3,8.63305e-15
complex_tube,10841,76031,MKL,PATCH_ORDERING,0,rxmesh,64,4.14582,5.70099,56,0,22,9,3,8.6971e-15
complex_tube,10841,76031,MKL,PATCH_ORDERING,0,rxmesh,128,3.50522,5.5099,37,0,14,21,5,8.63576e-15
complex_tube,10841,76031,MKL,PATCH_ORDERING,0,rxmesh,256,7.24861,5.20872,22,0,16,14,3,8.60209e-15
complex_tube,10841,76031,MKL,PATCH_ORDERING,0,rxmesh,512,5.34118,4.9345,19,0,13,28,1,8.62349e-15
complex_tube,10841,76031,MKL,PATCH_ORDERING,0,metis_kway,32,268.237,6.28759,65,0,31,102,3,8.63934e-15
complex_tube,10841,76031,MKL,PATCH_ORDERING,0,metis_kway,64,143.331,5.58121,52,0,18,57,4,8.64816e-15
complex_tube,10841,76031,MKL,PATCH_ORDERING,0,metis_kway,128,79.5955,4.68782,30,0,23,105,10,8.63179e-15
complex_tube,10841,76031,MKL,PATCH_ORDERING,0,metis_kway,256,42.9489,4.64984,20,0,22,101,3,8.59778e-15
complex_tube,10841,76031,MKL,PATCH_ORDERING,0,metis_kway,512,23.2435,4.87844,14,0,21,95,4,8.62647e-15
armadillo,13035,91233,MKL,PATCH_ORDERING,0,rxmesh,32,7.51904,5.26325,82,0,24,52,8,9.57846e-15
armadillo,13035,91233,MKL,PATCH_ORDERING,0,rxmesh,64,3.72931,5.0805,59,0,31,61,6,9.51852e-15
armadillo,13035,91233,MKL,PATCH_ORDERING,0,rxmesh,128,6.50346,4.42147,56,0,24,110,3,9.60477e-15
armadillo,13035,91233,MKL,PATCH_ORDERING,0,rxmesh,256,9.22829,4.26235,34,0,25,118,4,9.55518e-15
armadillo,13035,91233,MKL,PATCH_ORDERING,0,rxmesh,512,7.68102,3.93047,19,0,16,117,3,9.53196e-15
armadillo,13035,91233,MKL,PATCH_ORDERING,0,metis_kway,32,330.237,4.90645,66,0,25,91,3,9.6019e-15
armadillo,13035,91233,MKL,PATCH_ORDERING,0,metis_kway,64,172.124,4.68602,53,0,16,18,3,9.54022e-15
armadillo,13035,91233,MKL,PATCH_ORDERING,0,metis_kway,128,89.7965,4.22275,35,0,19,87,1,9.56049e-15
armadillo,13035,91233,MKL,PATCH_ORDERING,0,metis_kway,256,67.4744,3.91461,18,0,19,98,4,9.54116e-15
armadillo,13035,91233,MKL,PATCH_ORDERING,0,metis_kway,512,45.1765,3.68006,12,0,13,102,2,9.53761e-15
ear2,13496,94448,MKL,PATCH_ORDERING,0,rxmesh,32,391.761,5.55913,76,0,14,9,4,9.78904e-15
ear2,13496,94448,MKL,PATCH_ORDERING,0,rxmesh,64,5.24288,5.41816,73,0,20,57,5,9.78903e-15
ear2,13496,94448,MKL,PATCH_ORDERING,0,rxmesh,128,3.81952,4.90575,49,0,14,12,3,9.75986e-15
ear2,13496,94448,MKL,PATCH_ORDERING,0,rxmesh,256,4.64691,4.89737,29,0,16,12,6,9.78562e-15
ear2,13496,94448,MKL,PATCH_ORDERING,0,rxmesh,512,5.96816,4.79883,18,0,17,14,5,9.73058e-15
ear2,13496,94448,MKL,PATCH_ORDERING,0,metis_kway,32,382.029,5.63295,66,0,16,15,3,9.83118e-15
ear2,13496,94448,MKL,PATCH_ORDERING,0,metis_kway,64,170.324,4.99758,56,0,18,7,3,9.77794e-15
ear2,13496,94448,MKL,PATCH_ORDERING,0,metis_kway,128,91.9135,4.8572,33,0,29,117,4,9.81526e-15
ear2,13496,94448,MKL,PATCH_ORDERING,0,metis_kway,256,51.9054,4.65024,17,0,13,11,3,9.71542e-15
ear2,13496,94448,MKL,PATCH_ORDERING,0,metis_kway,512,26.6729,4.41351,11,0,17,14,1,9.77329e-15
cloth_loop3,14320,99322,MKL,PATCH_ORDERING,0,rxmesh,32,11.6058,5.07685,80,0,23,49,7,9.94968e-15
cloth_loop3,14320,99322,MKL,PATCH_ORDERING,0,rxmesh,64,3.6352,4.74915,62,0,18,12,2,9.85106e-15
cloth_loop3,14320,99322,MKL,PATCH_ORDERING,0,rxmesh,128,5.36166,4.60143,55,0,17,8,2,9.89373e-15
cloth_loop3,14320,99322,MKL,PATCH_ORDERING,0,rxmesh,256,4.71875,4.14134,31,0,25,9,6,9.87986e-15
cloth_loop3,14320,99322,MKL,PATCH_ORDERING,0,rxmesh,512,6.3447,4.0821,18,0,15,9,3,9.84186e-15
cloth_loop3,14320,99322,MKL,PATCH_ORDERING,0,metis_kway,32,360.523,5.02369,71,0,16,14,8,9.91178e-15
cloth_loop3,14320,99322,MKL,PATCH_ORDERING,0,metis_kway,64,199.558,4.57183,56,0,16,9,1,9.95701e-15
cloth_loop3,14320,99322,MKL,PATCH_ORDERING,0,metis_kway,128,118.128,4.11976,32,0,17,18,2,9.8467e-15
cloth_loop3,14320,99322,MKL,PATCH_ORDERING,0,metis_kway,256,77.9938,4.18687,19,0,20,10,2,9.83335e-15
cloth_loop3,14320,99322,MKL,PATCH_ORDERING,0,metis_kway,512,28.3839,3.97716,12,0,23,82,1,9.85118e-15
Land,14738,103154,MKL,PATCH_ORDERING,0,rxmesh,32,14.9627,4.19186,80,0,18,10,2,9.9675e-15
Land,14738,103154,MKL,PATCH_ORDERING,0,rxmesh,64,11.2254,4.02564,62,0,27,32,3,9.97671e-15
Land,14738,103154,MKL,PATCH_ORDERING,0,rxmesh,128,8.5975,3.84844,52,0,38,102,4,1.001e-14
Land,14738,103154,MKL,PATCH_ORDERING,0,rxmesh,256,7.12192,3.86521,32,0,18,11,3,9.97096e-15
Land,14738,103154,MKL,PATCH_ORDERING,0,rxmesh,512,6.11021,3.69231,18,0,22,68,6,9.93226e-15
Land,14738,103154,MKL,PATCH_ORDERING,0,metis_kway,32,368.696,4.21205,71,0,17,73,1,9.9655e-15
Land,14738,103154,MKL,PATCH_ORDERING,0,metis_kway,64,203.125,3.81444,53,0,21,18,1,9.9966e-15
Land,14738,103154,MKL,PATCH_ORDERING,0,metis_kway,128,99.0085,3.47806,33,0,26,28,2,9.99644e-15
Land,14738,103154,MKL,PATCH_ORDERING,0,metis_kway,256,52.1528,3.40636,21,0,27,114,5,9.85174e-15
Land,14738,103154,MKL,PATCH_ORDERING,0,metis_kway,512,29.4657,3.42671,13,0,25,121,3,9.92724e-15
davidhead,14964,104736,MKL,PATCH_ORDERING,0,rxmesh,32,14.0817,6.09401,81,0,21,95,6,1.03358e-14
davidhead,14964,104736,MKL,PATCH_ORDERING,0,rxmesh,64,4.0704,6.09389,67,0,22,77,2,1.0395e-14
davidhead,14964,104736,MKL,PATCH_ORDERING,0,rxmesh,128,3.7591,5.56235,52,0,22,101,5,1.0341e-14
davidhead,14964,104736,MKL,PATCH_ORDERING,0,rxmesh,256,4.81485,5.31932,35,0,17,11,2,1.03708e-14
davidhead,14964,104736,MKL,PATCH_ORDERING,0,rxmesh,512,6.26074,5.28162,20,0,24,88,2,1.03401e-14
davidhead,14964,104736,MKL,PATCH_ORDERING,0,metis_kway,32,458.42,6.29957,69,0,16,14,2,1.03156e-14
davidhead,14964,104736,MKL,PATCH_ORDERING,0,metis_kway,64,199.079,5.8957,57,0,18,12,2,1.03452e-14
davidhead,14964,104736,MKL,PATCH_ORDERING,0,metis_kway,128,107.956,5.46048,36,0,19,79,2,1.03465e-14
davidhead,14964,104736,MKL,PATCH_ORDERING,0,metis_kway,256,57.1609,5.34137,25,0,17,17,6,1.03659e-14
davidhead,14964,104736,MKL,PATCH_ORDERING,0,metis_kway,512,30.116,5.069,14,0,18,11,2,1.03302e-14
beetle,19887,136991,MKL,PATCH_ORDERING,0,rxmesh,32,27.0579,4.95965,88,0,25,23,13,1.20192e-14
beetle,19887,136991,MKL,PATCH_ORDERING,0,rxmesh,64,7.34003,4.64574,77,0,28,11,2,1.19668e-14
beetle,19887,136991,MKL,PATCH_ORDERING,0,rxmesh,128,7.13814,4.46325,59,0,22,10,3,1.20107e-14
beetle,19887,136991,MKL,PATCH_ORDERING,0,rxmesh,256,11.5671,4.16134,34,0,24,17,3,1.20157e-14
beetle,19887,136991,MKL,PATCH_ORDERING,0,rxmesh,512,13.7032,4.26616,21,0,26,11,3,1.20073e-14
beetle,19887,136991,MKL,PATCH_ORDERING,0,metis_kway,32,485.131,4.92576,78,0,20,10,4,1.20481e-14
beetle,19887,136991,MKL,PATCH_ORDERING,0,metis_kway,64,261.288,4.62032,59,0,22,9,2,1.20169e-14
beetle,19887,136991,MKL,PATCH_ORDERING,0,metis_kway,128,134.7,4.43622,53,0,22,8,2,1.19924e-14
beetle,19887,136991,MKL,PATCH_ORDERING,0,metis_kway,256,70.9604,4.26035,32,0,22,19,5,1.20485e-14
beetle,19887,136991,MKL,PATCH_ORDERING,0,metis_kway,512,37.3714,4.02718,21,0,41,40,7,1.19995e-14
bumpy-cube,19970,139778,MKL,PATCH_ORDERING,0,rxmesh,32,13.8066,6.60969,89,0,29,99,3,1.19639e-14
bumpy-cube,19970,139778,MKL,PATCH_ORDERING,0,rxmesh,64,4.59754,6.48806,74,0,29,70,6,1.1981e-14
bumpy-cube,19970,139778,MKL,PATCH_ORDERING,0,rxmesh,128,4.36096,6.19417,63,0,33,134,3,1.19637e-14
bumpy-cube,19970,139778,MKL,PATCH_ORDERING,0,rxmesh,256,5.26234,6.05221,41,0,23,59,5,1.19886e-14
bumpy-cube,19970,139778,MKL,PATCH_ORDERING,0,rxmesh,512,7.26426,6.10359,21,0,23,114,4,1.18851e-14
bumpy-cube,19970,139778,MKL,PATCH_ORDERING,0,metis_kway,32,540.68,6.85832,86,0,28,19,3,1.20034e-14
bumpy-cube,19970,139778,MKL,PATCH_ORDERING,0,metis_kway,64,279.854,6.19204,68,0,32,25,3,1.19991e-14
bumpy-cube,19970,139778,MKL,PATCH_ORDERING,0,metis_kway,128,175.531,6.06973,57,0,25,86,3,1.19747e-14
bumpy-cube,19970,139778,MKL,PATCH_ORDERING,0,metis_kway,256,91.0285,6.07066,35,0,27,94,5,1.19189e-14
bumpy-cube,19970,139778,MKL,PATCH_ORDERING,0,metis_kway,512,42.7655,5.92477,22,0,19,27,3,1.19762e-14
sphere6,24578,172034,MKL,PATCH_ORDERING,0,rxmesh,32,12.2604,7.43347,95,0,35,52,5,1.33405e-14
sphere6,24578,172034,MKL,PATCH_ORDERING,0,rxmesh,64,3.64851,7.37519,85,0,36,75,6,1.32994e-14
sphere6,24578,172034,MKL,PATCH_ORDERING,0,rxmesh,128,3.99149,7.0745,79,0,30,154,4,1.33425e-14
sphere6,24578,172034,MKL,PATCH_ORDERING,0,rxmesh,256,4.76234,7.01943,64,0,29,60,7,1.33531e-14
sphere6,24578,172034,MKL,PATCH_ORDERING,0,rxmesh,512,5.7047,6.74755,36,0,52,114,10,1.32432e-14
sphere6,24578,172034,MKL,PATCH_ORDERING,0,metis_kway,32,651.301,7.43279,88,0,35,134,8,1.33291e-14
sphere6,24578,172034,MKL,PATCH_ORDERING,0,metis_kway,64,358.747,7.05186,75,0,32,159,5,1.33007e-14
sphere6,24578,172034,MKL,PATCH_ORDERING,0,metis_kway,128,186.065,6.97788,63,0,40,145,4,1.3328e-14
sphere6,24578,172034,MKL,PATCH_ORDERING,0,metis_kway,256,98.1222,6.95308,38,0,28,146,5,1.32874e-14
sphere6,24578,172034,MKL,PATCH_ORDERING,0,metis_kway,512,66.6066,6.84587,27,0,36,81,9,1.3249e-14
gargoyle,29921,209435,MKL,PATCH_ORDERING,0,rxmesh,32,64.5897,5.67398,112,0,59,31,7,1.46344e-14
gargoyle,29921,209435,MKL,PATCH_ORDERING,0,rxmesh,64,9.61946,5.35844,92,0,35,32,7,1.45796e-14
gargoyle,29921,209435,MKL,PATCH_ORDERING,0,rxmesh,128,8.49744,5.24478,78,0,33,27,4,1.45712e-14
gargoyle,29921,209435,MKL,PATCH_ORDERING,0,rxmesh,256,6.96627,5.12662,61,0,32,56,5,1.45985e-14
gargoyle,29921,209435,MKL,PATCH_ORDERING,0,rxmesh,512,9.24672,4.86338,41,0,34,49,5,1.46046e-14
gargoyle,29921,209435,MKL,PATCH_ORDERING,0,metis_kway,32,773.346,5.96869,100,0,41,21,13,1.45661e-14
gargoyle,29921,209435,MKL,PATCH_ORDERING,0,metis_kway,64,399.281,5.34203,84,0,37,24,8,1.4626e-14
gargoyle,29921,209435,MKL,PATCH_ORDERING,0,metis_kway,128,210.945,5.20147,75,0,37,19,11,1.45794e-14
gargoyle,29921,209435,MKL,PATCH_ORDERING,0,metis_kway,256,114.242,4.81982,42,0,28,21,5,1.45971e-14
gargoyle,29921,209435,MKL,PATCH_ORDERING,0,metis_kway,512,60.6922,4.71777,27,0,29,38,7,1.46202e-14
191118_mia337_081675_64Kmesh_MMrepaired,31771,223621,MKL,PATCH_ORDERING,0,rxmesh,32,285.214,5.34859,115,0,39,23,5,1.50414e-14
191118_mia337_081675_64Kmesh_MMrepaired,31771,223621,MKL,PATCH_ORDERING,0,rxmesh,64,4.91622,5.12486,95,0,33,19,4,1.50422e-14
191118_mia337_081675_64Kmesh_MMrepaired,31771,223621,MKL,PATCH_ORDERING,0,rxmesh,128,7.57862,4.91003,84,0,33,29,5,1.50094e-14
191118_mia337_081675_64Kmesh_MMrepaired,31771,223621,MKL,PATCH_ORDERING,0,rxmesh,256,6.43277,4.71577,70,0,35,18,6,1.50053e-14
191118_mia337_081675_64Kmesh_MMrepaired,31771,223621,MKL,PATCH_ORDERING,0,rxmesh,512,10.6598,4.79125,50,0,40,30,4,1.5051e-14
191118_mia337_081675_64Kmesh_MMrepaired,31771,223621,MKL,PATCH_ORDERING,0,metis_kway,32,857.837,5.38859,106,0,30,26,4,1.50434e-14
191118_mia337_081675_64Kmesh_MMrepaired,31771,223621,MKL,PATCH_ORDERING,0,metis_kway,64,435.356,5.03884,88,0,31,23,4,1.50501e-14
191118_mia337_081675_64Kmesh_MMrepaired,31771,223621,MKL,PATCH_ORDERING,0,metis_kway,128,230.737,4.75964,73,0,32,22,6,1.50648e-14
191118_mia337_081675_64Kmesh_MMrepaired,31771,223621,MKL,PATCH_ORDERING,0,metis_kway,256,126.224,4.53797,47,0,33,32,4,1.50672e-14
191118_mia337_081675_64Kmesh_MMrepaired,31771,223621,MKL,PATCH_ORDERING,0,metis_kway,512,93.5344,4.5563,28,0,28,24,8,1.50394e-14
Mia_000887_ShakyamuniBuddha,32008,224008,MKL,PATCH_ORDERING,0,rxmesh,32,199.78,5.4346,107,0,35,27,5,1.49961e-14
Mia_000887_ShakyamuniBuddha,32008,224008,MKL,PATCH_ORDERING,0,rxmesh,64,9.7104,5.24097,96,0,42,19,10,1.5028e-14
Mia_000887_ShakyamuniBuddha,32008,224008,MKL,PATCH_ORDERING,0,rxmesh,128,5.8409,5.20139,78,0,35,22,6,1.49855e-14
Mia_000887_ShakyamuniBuddha,32008,224008,MKL,PATCH_ORDERING,0,rxmesh,256,7.04115,5.07665,68,0,31,23,4,1.5028e-14
Mia_000887_ShakyamuniBuddha,32008,224008,MKL,PATCH_ORDERING,0,rxmesh,512,6.35802,4.72786,44,0,28,29,5,1.50018e-14
Mia_000887_ShakyamuniBuddha,32008,224008,MKL,PATCH_ORDERING,0,metis_kway,32,886.471,5.54016,104,0,53,27,6,1.50586e-14
Mia_000887_ShakyamuniBuddha,32008,224008,MKL,PATCH_ORDERING,0,metis_kway,64,430.843,5.25047,89,0,34,18,5,1.50329e-14
Mia_000887_ShakyamuniBuddha,32008,224008,MKL,PATCH_ORDERING,0,metis_kway,128,230.265,5.01334,78,0,35,30,4,1.50246e-14
Mia_000887_ShakyamuniBuddha,32008,224008,MKL,PATCH_ORDERING,0,metis_kway,256,122.003,4.68067,49,0,31,55,6,1.50309e-14
Mia_000887_ShakyamuniBuddha,32008,224008,MKL,PATCH_ORDERING,0,metis_kway,512,66.9607,4.734,32,0,31,31,4,1.49963e-14
Mia_001135_Zun_64K_OBJ,31996,223996,MKL,PATCH_ORDERING,0,rxmesh,32,101.165,5.24784,106,0,33,25,4,1.51369e-14
Mia_001135_Zun_64K_OBJ,31996,223996,MKL,PATCH_ORDERING,0,rxmesh,64,8.57702,4.96751,97,0,33,21,5,1.51006e-14
Mia_001135_Zun_64K_OBJ,31996,223996,MKL,PATCH_ORDERING,0,rxmesh,128,4.2671,4.92097,91,0,32,32,7,1.51439e-14
Mia_001135_Zun_64K_OBJ,31996,223996,MKL,PATCH_ORDERING,0,rxmesh,256,4.87014,4.68741,68,0,34,17,6,1.50974e-14
Mia_001135_Zun_64K_OBJ,31996,223996,MKL,PATCH_ORDERING,0,rxmesh,512,7.99027,4.59046,49,0,34,20,7,1.51094e-14
Mia_001135_Zun_64K_OBJ,31996,223996,MKL,PATCH_ORDERING,0,metis_kway,32,926.703,5.53297,118,0,40,26,8,1.51513e-14
Mia_001135_Zun_64K_OBJ,31996,223996,MKL,PATCH_ORDERING,0,metis_kway,64,433.656,4.99047,87,0,34,32,8,1.51252e-14
Mia_001135_Zun_64K_OBJ,31996,223996,MKL,PATCH_ORDERING,0,metis_kway,128,253.148,4.74857,72,0,32,30,8,1.50601e-14
Mia_001135_Zun_64K_OBJ,31996,223996,MKL,PATCH_ORDERING,0,metis_kway,256,123.25,4.65444,46,0,32,21,5,1.51157e-14
Mia_001135_Zun_64K_OBJ,31996,223996,MKL,PATCH_ORDERING,0,metis_kway,512,66.1454,4.4496,30,0,27,32,10,1.50905e-14
chinese_dragon,65599,459181,MKL,PATCH_ORDERING,0,rxmesh,32,182.025,3.9991,148,0,65,34,10,2.13014e-14
chinese_dragon,65599,459181,MKL,PATCH_ORDERING,0,rxmesh,64,26.9148,3.88997,129,0,65,34,8,2.13599e-14
chinese_dragon,65599,459181,MKL,PATCH_ORDERING,0,rxmesh,128,9.94806,3.9451,116,0,67,34,13,2.13565e-14
chinese_dragon,65599,459181,MKL,PATCH_ORDERING,0,rxmesh,256,7.72582,4.01305,108,0,73,111,7,2.13388e-14
chinese_dragon,65599,459181,MKL,PATCH_ORDERING,0,rxmesh,512,8.37632,3.9048,99,0,70,96,9,2.13377e-14
chinese_dragon,65599,459181,MKL,PATCH_ORDERING,0,metis_kway,32,1984.02,4.11485,135,0,78,91,7,2.1313e-14
chinese_dragon,65599,459181,MKL,PATCH_ORDERING,0,metis_kway,64,938.267,3.9798,129,0,79,31,12,2.13439e-14
chinese_dragon,65599,459181,MKL,PATCH_ORDERING,0,metis_kway,128,491.682,3.94774,113,0,62,38,10,2.13285e-14
chinese_dragon,65599,459181,MKL,PATCH_ORDERING,0,metis_kway,256,262.043,4.06462,104,0,62,33,9,2.13657e-14
chinese_dragon,65599,459181,MKL,PATCH_ORDERING,0,metis_kway,512,138.546,3.6861,84,0,73,27,10,2.13484e-14
loop,173440,1214560,MKL,PATCH_ORDERING,0,rxmesh,32,738.014,7.34126,248,0,142,85,32,3.49959e-14
loop,173440,1214560,MKL,PATCH_ORDERING,0,rxmesh,64,47.0241,7.33125,222,0,166,83,33,3.49627e-14
loop,173440,1214560,MKL,PATCH_ORDERING,0,rxmesh,128,18.1748,7.36304,201,0,146,77,32,3.49644e-14
loop,173440,1214560,MKL,PATCH_ORDERING,0,rxmesh,256,11.2346,7.3213,209,0,148,75,31,3.49969e-14
loop,173440,1214560,MKL,PATCH_ORDERING,0,rxmesh,512,13.0959,7.36698,166,0,146,75,32,3.49375e-14
loop,173440,1214560,MKL,PATCH_ORDERING,0,metis_kway,32,5655.97,7.39767,232,0,140,81,31,3.49945e-14
loop,173440,1214560,MKL,PATCH_ORDERING,0,metis_kway,64,2922.89,7.25532,205,0,142,82,31,3.49935e-14
loop,173440,1214560,MKL,PATCH_ORDERING,0,metis_kway,128,1577.48,7.31673,183,0,155,78,30,3.49723e-14
loop,173440,1214560,MKL,PATCH_ORDERING,0,metis_kway,256,848.068,7.34352,194,0,131,81,32,3.50448e-14
loop,173440,1214560,MKL,PATCH_ORDERING,0,metis_kway,512,469.414,7.22713,155,0,131,84,32,3.49617e-14
Jahn_C,181309,1269151,MKL,PATCH_ORDERING,0,rxmesh,32,1295.7,5.29594,229,0,143,66,27,3.57044e-14
Jahn_C,181309,1269151,MKL,PATCH_ORDERING,0,rxmesh,64,88.4561,5.18704,208,0,141,59,27,3.5696e-14
Jahn_C,181309,1269151,MKL,PATCH_ORDERING,0,rxmesh,128,35.9431,5.29446,195,0,147,68,26,3.57455e-14
Jahn_C,181309,1269151,MKL,PATCH_ORDERING,0,rxmesh,256,17.9651,5.30778,188,0,148,65,27,3.57232e-14
Jahn_C,181309,1269151,MKL,PATCH_ORDERING,0,rxmesh,512,12.2081,5.35791,161,0,139,65,26,3.56696e-14
Jahn_C,181309,1269151,MKL,PATCH_ORDERING,0,metis_kway,32,6140.36,5.40267,218,0,147,61,27,3.56942e-14
Jahn_C,181309,1269151,MKL,PATCH_ORDERING,0,metis_kway,64,3084.66,5.24648,201,0,142,61,26,3.57221e-14
Jahn_C,181309,1269151,MKL,PATCH_ORDERING,0,metis_kway,128,1677.64,5.28797,184,0,143,63,26,3.57285e-14
Jahn_C,181309,1269151,MKL,PATCH_ORDERING,0,metis_kway,256,865.293,5.36798,182,0,138,80,27,3.57326e-14
Jahn_C,181309,1269151,MKL,PATCH_ORDERING,0,metis_kway,512,481.701,5.41806,181,0,135,68,26,3.57015e-14
edgar-allan-poe-1,194632,1362412,MKL,PATCH_ORDERING,0,rxmesh,32,637.463,5.3702,261,0,157,69,27,3.70148e-14
edgar-allan-poe-1,194632,1362412,MKL,PATCH_ORDERING,0,rxmesh,64,73.3942,5.49366,238,0,164,67,28,3.70035e-14
edgar-allan-poe-1,194632,1362412,MKL,PATCH_ORDERING,0,rxmesh,128,20.8486,5.40336,219,0,178,77,28,3.69755e-14
edgar-allan-poe-1,194632,1362412,MKL,PATCH_ORDERING,0,rxmesh,256,17.8798,5.50376,208,0,154,69,28,3.701e-14
edgar-allan-poe-1,194632,1362412,MKL,PATCH_ORDERING,0,rxmesh,512,16.5908,5.47412,185,0,191,66,28,3.69908e-14
edgar-allan-poe-1,194632,1362412,MKL,PATCH_ORDERING,0,metis_kway,32,6900.26,5.53658,252,0,156,66,28,3.69984e-14
edgar-allan-poe-1,194632,1362412,MKL,PATCH_ORDERING,0,metis_kway,64,3470.54,5.4129,233,0,161,67,25,3.70182e-14
edgar-allan-poe-1,194632,1362412,MKL,PATCH_ORDERING,0,metis_kway,128,1786.03,5.55431,211,0,183,68,28,3.70294e-14
edgar-allan-poe-1,194632,1362412,MKL,PATCH_ORDERING,0,metis_kway,256,996.506,5.39268,251,0,174,63,28,3.70568e-14
edgar-allan-poe-1,194632,1362412,MKL,PATCH_ORDERING,0,metis_kway,512,560.977,5.58674,204,0,151,67,33,3.69956e-14
d200k,200926,1402776,MKL,PATCH_ORDERING,0,rxmesh,32,1117.22,5.91051,250,0,156,73,33,3.78538e-14
d200k,200926,1402776,MKL,PATCH_ORDERING,0,rxmesh,64,53.7733,5.86249,218,0,159,68,30,3.78583e-14
d200k,200926,1402776,MKL,PATCH_ORDERING,0,rxmesh,128,27.9398,5.90562,199,0,163,83,32,3.78779e-14
d200k,200926,1402776,MKL,PATCH_ORDERING,0,rxmesh,256,11.1176,5.94773,205,0,159,87,35,3.78721e-14
d200k,200926,1402776,MKL,PATCH_ORDERING,0,rxmesh,512,12.5921,5.93959,171,0,156,75,37,3.78759e-14
d200k,200926,1402776,MKL,PATCH_ORDERING,0,metis_kway,32,6924.97,5.90551,221,0,152,68,30,3.7904e-14
d200k,200926,1402776,MKL,PATCH_ORDERING,0,metis_kway,64,3560.56,5.84421,212,0,152,66,30,3.7866e-14
d200k,200926,1402776,MKL,PATCH_ORDERING,0,metis_kway,128,1805.98,5.93052,191,0,150,70,30,3.78357e-14
d200k,200926,1402776,MKL,PATCH_ORDERING,0,metis_kway,256,985.781,5.93749,223,0,176,73,29,3.79116e-14
d200k,200926,1402776,MKL,PATCH_ORDERING,0,metis_kway,512,531.541,6.00137,165,0,143,74,31,3.78516e-14
Hans_Moser_C,203915,1427393,MKL,PATCH_ORDERING,0,rxmesh,32,1497.31,5.56853,255,0,153,76,30,3.8034e-14
Hans_Moser_C,203915,1427393,MKL,PATCH_ORDERING,0,rxmesh,64,71.2315,5.57195,221,0,153,67,29,3.80125e-14
Hans_Moser_C,203915,1427393,MKL,PATCH_ORDERING,0,rxmesh,128,31.786,5.67161,204,0,155,77,32,3.80295e-14
Hans_Moser_C,203915,1427393,MKL,PATCH_ORDERING,0,rxmesh,256,17.2329,5.72095,200,0,160,69,30,3.79833e-14
Hans_Moser_C,203915,1427393,MKL,PATCH_ORDERING,0,rxmesh,512,13.6458,5.64412,179,0,156,71,29,3.79955e-14
Hans_Moser_C,203915,1427393,MKL,PATCH_ORDERING,0,metis_kway,32,7091.51,5.72582,246,0,170,77,33,3.8032e-14
Hans_Moser_C,203915,1427393,MKL,PATCH_ORDERING,0,metis_kway,64,3518.08,5.5621,215,0,156,70,29,3.80392e-14
Hans_Moser_C,203915,1427393,MKL,PATCH_ORDERING,0,metis_kway,128,1825.68,5.65846,200,0,185,74,29,3.80503e-14
Hans_Moser_C,203915,1427393,MKL,PATCH_ORDERING,0,metis_kway,256,983.325,5.7518,186,0,140,71,31,3.80454e-14
Hans_Moser_C,203915,1427393,MKL,PATCH_ORDERING,0,metis_kway,512,546.242,5.75156,174,0,149,77,30,3.80428e-14
Maenner_Gespraech_C,237402,1661886,MKL,PATCH_ORDERING,0,rxmesh,32,1495.16,5.49961,293,0,189,88,34,4.08527e-14
Maenner_Gespraech_C,237402,1661886,MKL,PATCH_ORDERING,0,rxmesh,64,130.457,5.59819,258,0,186,88,34,4.08266e-14
Maenner_Gespraech_C,237402,1661886,MKL,PATCH_ORDERING,0,rxmesh,128,38.9896,5.59169,238,0,172,91,35,4.0803e-14
Maenner_Gespraech_C,237402,1661886,MKL,PATCH_ORDERING,0,rxmesh,256,14.0605,5.57718,228,0,214,104,41,4.08664e-14
Maenner_Gespraech_C,237402,1661886,MKL,PATCH_ORDERING,0,rxmesh,512,14.6616,5.73482,222,0,178,96,35,4.08153e-14
Maenner_Gespraech_C,237402,1661886,MKL,PATCH_ORDERING,0,metis_kway,32,8524.53,5.66047,247,0,169,88,34,4.08119e-14
Maenner_Gespraech_C,237402,1661886,MKL,PATCH_ORDERING,0,metis_kway,64,3973.87,5.59704,241,0,175,79,34,4.08592e-14
Maenner_Gespraech_C,237402,1661886,MKL,PATCH_ORDERING,0,metis_kway,128,2108.6,5.64959,209,0,197,87,32,4.08287e-14
Maenner_Gespraech_C,237402,1661886,MKL,PATCH_ORDERING,0,metis_kway,256,1196.57,5.75231,215,0,178,81,34,4.086e-14
Maenner_Gespraech_C,237402,1661886,MKL,PATCH_ORDERING,0,metis_kway,512,647.825,5.74624,208,0,192,82,35,4.08857e-14
Marx_Mozart_C,241878,1695366,MKL,PATCH_ORDERING,0,rxmesh,32,1833.72,4.61213,285,0,164,89,33,4.12108e-14
Marx_Mozart_C,241878,1695366,MKL,PATCH_ORDERING,0,rxmesh,64,229.566,4.58346,246,0,170,73,31,4.12262e-14
Marx_Mozart_C,241878,1695366,MKL,PATCH_ORDERING,0,rxmesh,128,55.6677,4.69709,235,0,174,75,31,4.12397e-14
Marx_Mozart_C,241878,1695366,MKL,PATCH_ORDERING,0,rxmesh,256,32.8079,4.75163,214,0,175,75,32,4.1216e-14
Marx_Mozart_C,241878,1695366,MKL,PATCH_ORDERING,0,rxmesh,512,32.1014,4.87176,231,0,178,78,33,4.12527e-14
Marx_Mozart_C,241878,1695366,MKL,PATCH_ORDERING,0,metis_kway,32,8522.75,4.59236,251,0,170,74,31,4.12354e-14
Marx_Mozart_C,241878,1695366,MKL,PATCH_ORDERING,0,metis_kway,64,4072.7,4.67973,228,0,175,75,30,4.12033e-14
Marx_Mozart_C,241878,1695366,MKL,PATCH_ORDERING,0,metis_kway,128,2200.17,4.72937,204,0,168,78,30,4.12442e-14
Marx_Mozart_C,241878,1695366,MKL,PATCH_ORDERING,0,metis_kway,256,1246.89,4.78381,232,0,178,84,32,4.12535e-14
Marx_Mozart_C,241878,1695366,MKL,PATCH_ORDERING,0,metis_kway,512,650.327,4.89716,202,0,175,75,32,4.12479e-14
Marx_Grab01_C,242564,1697948,MKL,PATCH_ORDERING,0,rxmesh,32,1976.2,5.54048,304,0,191,93,35,4.14629e-14
Marx_Grab01_C,242564,1697948,MKL,PATCH_ORDERING,0,rxmesh,64,156.266,5.59679,266,0,195,84,36,4.14361e-14
Marx_Grab01_C,242564,1697948,MKL,PATCH_ORDERING,0,rxmesh,128,33.4724,5.61162,245,0,191,93,38,4.14806e-14
Marx_Grab01_C,242564,1697948,MKL,PATCH_ORDERING,0,rxmesh,256,14.6053,5.59113,223,0,190,91,35,4.14419e-14
Marx_Grab01_C,242564,1697948,MKL,PATCH_ORDERING,0,rxmesh,512,15.6303,5.75501,215,0,187,97,41,4.1454e-14
Marx_Grab01_C,242564,1697948,MKL,PATCH_ORDERING,0,metis_kway,32,8708.87,5.70349,259,0,177,91,34,4.14245e-14
Marx_Grab01_C,242564,1697948,MKL,PATCH_ORDERING,0,metis_kway,64,4382.28,5.61812,253,0,178,90,36,4.14777e-14
Marx_Grab01_C,242564,1697948,MKL,PATCH_ORDERING,0,metis_kway,128,2280.59,5.54726,213,0,179,78,34,4.14323e-14
Marx_Grab01_C,242564,1697948,MKL,PATCH_ORDERING,0,metis_kway,256,1264.01,5.64949,219,0,178,85,36,4.14773e-14
Marx_Grab01_C,242564,1697948,MKL,PATCH_ORDERING,0,metis_kway,512,674.282,5.77818,189,0,182,87,35,4.14418e-14
Engel_C_1,244255,1709797,MKL,PATCH_ORDERING,0,rxmesh,32,2070.94,5.43931,292,0,190,81,33,4.15236e-14
Engel_C_1,244255,1709797,MKL,PATCH_ORDERING,0,rxmesh,64,139.735,5.59862,255,0,171,82,36,4.15139e-14
Engel_C_1,244255,1709797,MKL,PATCH_ORDERING,0,rxmesh,128,31.5249,5.63062,226,0,176,79,36,4.14968e-14
Engel_C_1,244255,1709797,MKL,PATCH_ORDERING,0,rxmesh,256,18.6715,5.65979,209,0,175,80,34,4.15265e-14
Engel_C_1,244255,1709797,MKL,PATCH_ORDERING,0,rxmesh,512,14.6164,5.72348,204,0,170,90,34,4.15033e-14
Engel_C_1,244255,1709797,MKL,PATCH_ORDERING,0,metis_kway,32,8634.43,5.66062,264,0,173,81,35,4.15199e-14
Engel_C_1,244255,1709797,MKL,PATCH_ORDERING,0,metis_kway,64,4127.41,5.63654,227,0,178,81,36,4.15063e-14
Engel_C_1,244255,1709797,MKL,PATCH_ORDERING,0,metis_kway,128,2188.28,5.57268,211,0,175,81,35,4.1494e-14
Engel_C_1,244255,1709797,MKL,PATCH_ORDERING,0,metis_kway,256,1198.24,5.70181,212,0,199,81,34,4.15218e-14
Engel_C_1,244255,1709797,MKL,PATCH_ORDERING,0,metis_kway,512,682.355,5.66802,198,0,165,84,36,4.14746e-14
Figur_Hase_C,248995,1742953,MKL,PATCH_ORDERING,0,rxmesh,32,3166.48,5.65228,291,0,181,79,34,4.18834e-14
Figur_Hase_C,248995,1742953,MKL,PATCH_ORDERING,0,rxmesh,64,164.668,5.72628,257,0,186,82,34,4.19016e-14
Figur_Hase_C,248995,1742953,MKL,PATCH_ORDERING,0,rxmesh,128,63.6403,5.62817,229,0,197,77,35,4.18674e-14
Figur_Hase_C,248995,1742953,MKL,PATCH_ORDERING,0,rxmesh,256,16.216,5.79034,218,0,184,83,39,4.19145e-14
Figur_Hase_C,248995,1742953,MKL,PATCH_ORDERING,0,rxmesh,512,11.8382,5.80562,205,0,179,86,35,4.18881e-14
Figur_Hase_C,248995,1742953,MKL,PATCH_ORDERING,0,metis_kway,32,9034.27,5.7476,275,0,179,87,35,4.18693e-14
Figur_Hase_C,248995,1742953,MKL,PATCH_ORDERING,0,metis_kway,64,4303.29,5.67114,236,0,219,83,37,4.19024e-14
Figur_Hase_C,248995,1742953,MKL,PATCH_ORDERING,0,metis_kway,128,2295.73,5.74592,227,0,174,82,36,4.19145e-14
Figur_Hase_C,248995,1742953,MKL,PATCH_ORDERING,0,metis_kway,256,1231.8,5.86042,207,0,182,82,35,4.18942e-14
Figur_Hase_C,248995,1742953,MKL,PATCH_ORDERING,0,metis_kway,512,698.352,5.89202,210,0,171,86,38,4.18907e-14
sphere5_0p5M,249534,1746726,MKL,PATCH_ORDERING,0,rxmesh,32,3276.51,5.93293,306,0,182,87,35,4.07122e-14
sphere5_0p5M,249534,1746726,MKL,PATCH_ORDERING,0,rxmesh,64,186.315,5.96888,276,0,212,88,34,4.06868e-14
sphere5_0p5M,249534,1746726,MKL,PATCH_ORDERING,0,rxmesh,128,23.6861,6.0305,248,0,192,90,34,4.06484e-14
sphere5_0p5M,249534,1746726,MKL,PATCH_ORDERING,0,rxmesh,256,14.0276,6.01413,230,0,194,90,35,4.06884e-14
sphere5_0p5M,249534,1746726,MKL,PATCH_ORDERING,0,rxmesh,512,11.635,6.07824,216,0,206,96,32,4.06758e-14
sphere5_0p5M,249534,1746726,MKL,PATCH_ORDERING,0,metis_kway,32,8854.06,6.03804,273,0,185,92,34,4.06396e-14
sphere5_0p5M,249534,1746726,MKL,PATCH_ORDERING,0,metis_kway,64,4419.71,6.0555,253,0,188,98,36,4.06367e-14
sphere5_0p5M,249534,1746726,MKL,PATCH_ORDERING,0,metis_kway,128,2337.44,6.02995,233,0,177,90,35,4.06877e-14
sphere5_0p5M,249534,1746726,MKL,PATCH_ORDERING,0,metis_kway,256,1312.22,6.05285,238,0,183,93,35,4.06624e-14
sphere5_0p5M,249534,1746726,MKL,PATCH_ORDERING,0,metis_kway,512,716.909,6.14228,224,0,174,93,34,4.06715e-14
Marx_Grab03_C,252147,1765017,MKL,PATCH_ORDERING,0,rxmesh,32,1255.41,5.54489,293,0,208,81,35,4.20444e-14
Marx_Grab03_C,252147,1765017,MKL,PATCH_ORDERING,0,rxmesh,64,164.208,5.5099,259,0,193,88,35,4.2027e-14
Marx_Grab03_C,252147,1765017,MKL,PATCH_ORDERING,0,rxmesh,128,29.5595,5.54953,236,0,180,86,36,4.20352e-14
Marx_Grab03_C,252147,1765017,MKL,PATCH_ORDERING,0,rxmesh,256,14.8572,5.68969,224,0,188,93,36,4.20169e-14
Marx_Grab03_C,252147,1765017,MKL,PATCH_ORDERING,0,rxmesh,512,10.8329,5.619,223,0,185,89,38,4.2084e-14
Marx_Grab03_C,252147,1765017,MKL,PATCH_ORDERING,0,metis_kway,32,9034.63,5.62891,273,0,190,84,35,4.20388e-14
Marx_Grab03_C,252147,1765017,MKL,PATCH_ORDERING,0,metis_kway,64,4377.87,5.53748,248,0,196,82,34,4.20317e-14
Marx_Grab03_C,252147,1765017,MKL,PATCH_ORDERING,0,metis_kway,128,2288.58,5.66873,211,0,180,88,37,4.2049e-14
Marx_Grab03_C,252147,1765017,MKL,PATCH_ORDERING,0,metis_kway,256,1339.02,5.70496,261,0,180,87,36,4.20166e-14
Marx_Grab03_C,252147,1765017,MKL,PATCH_ORDERING,0,metis_kway,512,682.736,5.77542,212,0,178,89,38,4.20505e-14
Faun_C,253578,1775202,MKL,PATCH_ORDERING,0,rxmesh,32,2077.04,5.2264,304,0,178,84,34,4.23581e-14
Faun_C,253578,1775202,MKL,PATCH_ORDERING,0,rxmesh,64,126.45,5.18562,259,0,198,82,34,4.23618e-14
Faun_C,253578,1775202,MKL,PATCH_ORDERING,0,rxmesh,128,35.4521,5.27925,238,0,184,84,34,4.23713e-14
Faun_C,253578,1775202,MKL,PATCH_ORDERING,0,rxmesh,256,20.9285,5.3188,214,0,189,89,36,4.23831e-14
Faun_C,253578,1775202,MKL,PATCH_ORDERING,0,rxmesh,512,11.862,5.4937,213,0,185,89,36,4.23856e-14
Faun_C,253578,1775202,MKL,PATCH_ORDERING,0,metis_kway,32,9005.97,5.31091,255,0,207,89,35,4.23826e-14
Faun_C,253578,1775202,MKL,PATCH_ORDERING,0,metis_kway,64,4459.44,5.34531,238,0,183,90,35,4.23572e-14
Faun_C,253578,1775202,MKL,PATCH_ORDERING,0,metis_kway,128,2418.97,5.3245,209,0,176,90,38,4.23714e-14
Faun_C,253578,1775202,MKL,PATCH_ORDERING,0,metis_kway,256,1283.66,5.37781,235,0,176,88,36,4.2366e-14
Faun_C,253578,1775202,MKL,PATCH_ORDERING,0,metis_kway,512,744.608,5.53755,201,0,174,92,38,4.23909e-14
Guter_Hirte_CN,258241,1807723,MKL,PATCH_ORDERING,0,rxmesh,32,2915.8,5.30163,302,0,181,81,36,4.25899e-14
Guter_Hirte_CN,258241,1807723,MKL,PATCH_ORDERING,0,rxmesh,64,209.152,5.35376,263,0,181,84,35,4.25177e-14
Guter_Hirte_CN,258241,1807723,MKL,PATCH_ORDERING,0,rxmesh,128,58.2981,5.45848,250,0,200,101,39,4.25388e-14
Guter_Hirte_CN,258241,1807723,MKL,PATCH_ORDERING,0,rxmesh,256,25.7423,5.44423,232,0,194,93,36,4.25601e-14
Guter_Hirte_CN,258241,1807723,MKL,PATCH_ORDERING,0,rxmesh,512,10.8257,5.58022,225,0,177,89,36,4.25102e-14
Guter_Hirte_CN,258241,1807723,MKL,PATCH_ORDERING,0,metis_kway,32,9316.4,5.43678,257,0,180,87,36,4.25345e-14
Guter_Hirte_CN,258241,1807723,MKL,PATCH_ORDERING,0,metis_kway,64,4433.97,5.40997,233,0,179,91,35,4.25473e-14
Guter_Hirte_CN,258241,1807723,MKL,PATCH_ORDERING,0,metis_kway,128,2389.28,5.50118,220,0,187,91,37,4.25669e-14
Guter_Hirte_CN,258241,1807723,MKL,PATCH_ORDERING,0,metis_kway,256,1280.14,5.52669,215,0,177,93,38,4.25472e-14
Guter_Hirte_CN,258241,1807723,MKL,PATCH_ORDERING,0,metis_kway,512,712.456,5.74244,196,0,183,94,38,4.25435e-14
Brunnen_C,262023,1833119,MKL,PATCH_ORDERING,0,rxmesh,32,3331.43,4.9714,309,0,187,82,34,4.28946e-14
Brunnen_C,262023,1833119,MKL,PATCH_ORDERING,0,rxmesh,64,145.946,5.00746,256,0,200,80,36,4.29212e-14
Brunnen_C,262023,1833119,MKL,PATCH_ORDERING,0,rxmesh,128,49.1254,5.07886,240,0,183,95,40,4.2885e-14
Brunnen_C,262023,1833119,MKL,PATCH_ORDERING,0,rxmesh,256,25.1371,5.17568,229,0,190,99,36,4.29231e-14
Brunnen_C,262023,1833119,MKL,PATCH_ORDERING,0,rxmesh,512,17.8688,5.19536,207,0,180,83,37,4.28907e-14
Brunnen_C,262023,1833119,MKL,PATCH_ORDERING,0,metis_kway,32,9206.45,5.12138,259,0,231,100,37,4.28899e-14
Brunnen_C,262023,1833119,MKL,PATCH_ORDERING,0,metis_kway,64,4451.13,5.13121,239,0,191,88,36,4.28886e-14
Brunnen_C,262023,1833119,MKL,PATCH_ORDERING,0,metis_kway,128,2412.95,5.11659,223,0,194,86,35,4.28899e-14
Brunnen_C,262023,1833119,MKL,PATCH_ORDERING,0,metis_kway,256,1282.32,5.21621,227,0,179,89,35,4.28859e-14
Brunnen_C,262023,1833119,MKL,PATCH_ORDERING,0,metis_kway,512,855.299,5.24714,196,0,185,85,37,4.29011e-14
Marx_Albrechtsberger_C,263082,1841598,MKL,PATCH_ORDERING,0,rxmesh,32,3327.21,5.53388,302,0,185,87,36,4.30722e-14
Marx_Albrechtsberger_C,263082,1841598,MKL,PATCH_ORDERING,0,rxmesh,64,107.682,5.51757,261,0,223,89,36,4.30862e-14
Marx_Albrechtsberger_C,263082,1841598,MKL,PATCH_ORDERING,0,rxmesh,128,60.6198,5.52035,236,0,199,87,39,4.31021e-14
Marx_Albrechtsberger_C,263082,1841598,MKL,PATCH_ORDERING,0,rxmesh,256,20.1133,5.59902,223,0,188,94,39,4.30344e-14
Marx_Albrechtsberger_C,263082,1841598,MKL,PATCH_ORDERING,0,rxmesh,512,15.787,5.66734,204,0,188,97,37,4.30706e-14
Marx_Albrechtsberger_C,263082,1841598,MKL,PATCH_ORDERING,0,metis_kway,32,9391.46,5.61719,258,0,182,86,37,4.30872e-14
Marx_Albrechtsberger_C,263082,1841598,MKL,PATCH_ORDERING,0,metis_kway,64,4549.1,5.5569,233,0,220,93,38,4.30871e-14
Marx_Albrechtsberger_C,263082,1841598,MKL,PATCH_ORDERING,0,metis_kway,128,2513.24,5.72741,229,0,198,92,39,4.30613e-14
Marx_Albrechtsberger_C,263082,1841598,MKL,PATCH_ORDERING,0,metis_kway,256,1303.88,5.77951,215,0,181,95,38,4.30717e-14
Marx_Albrechtsberger_C,263082,1841598,MKL,PATCH_ORDERING,0,metis_kway,512,713.474,5.7753,199,0,176,89,36,4.30837e-14
Baeren_C,263345,1843403,MKL,PATCH_ORDERING,0,rxmesh,32,2687.65,5.9747,319,0,208,91,37,4.30399e-14
Baeren_C,263345,1843403,MKL,PATCH_ORDERING,0,rxmesh,64,158.32,6.0226,258,0,200,88,37,4.30195e-14
Baeren_C,263345,1843403,MKL,PATCH_ORDERING,0,rxmesh,128,61.2782,6.05876,244,0,184,92,38,4.30186e-14
Baeren_C,263345,1843403,MKL,PATCH_ORDERING,0,rxmesh,256,20.6828,6.07832,238,0,190,92,38,4.3028e-14
Baeren_C,263345,1843403,MKL,PATCH_ORDERING,0,rxmesh,512,10.8339,6.17862,207,0,190,93,38,4.30401e-14
Baeren_C,263345,1843403,MKL,PATCH_ORDERING,0,metis_kway,32,9342.28,6.0884,262,0,195,92,38,4.30078e-14
Baeren_C,263345,1843403,MKL,PATCH_ORDERING,0,metis_kway,64,4448.68,6.05528,235,0,209,93,40,4.30245e-14
Baeren_C,263345,1843403,MKL,PATCH_ORDERING,0,metis_kway,128,2421.26,6.21228,219,0,191,103,39,4.30974e-14
Baeren_C,263345,1843403,MKL,PATCH_ORDERING,0,metis_kway,256,1321.44,6.26085,232,0,199,105,40,4.30189e-14
Baeren_C,263345,1843403,MKL,PATCH_ORDERING,0,metis_kway,512,773.382,6.28173,224,0,181,97,39,4.30076e-14
Engel_C,264483,1851477,MKL,PATCH_ORDERING,0,rxmesh,32,3720.13,5.49397,309,0,188,86,38,4.32517e-14
Engel_C,264483,1851477,MKL,PATCH_ORDERING,0,rxmesh,64,213.876,5.54268,263,0,189,88,38,4.325e-14
Engel_C,264483,1851477,MKL,PATCH_ORDERING,0,rxmesh,128,47.3856,5.59327,250,0,191,90,37,4.32163e-14
Engel_C,264483,1851477,MKL,PATCH_ORDERING,0,rxmesh,256,21.8644,5.73922,219,0,187,90,39,4.3247e-14
Engel_C,264483,1851477,MKL,PATCH_ORDERING,0,rxmesh,512,15.9365,5.73705,210,0,185,96,42,4.32075e-14
Engel_C,264483,1851477,MKL,PATCH_ORDERING,0,metis_kway,32,9484.15,5.55545,276,0,196,86,37,4.32427e-14
Engel_C,264483,1851477,MKL,PATCH_ORDERING,0,metis_kway,64,4489.91,5.74957,252,0,182,94,39,4.3219e-14
Engel_C,264483,1851477,MKL,PATCH_ORDERING,0,metis_kway,128,2514.09,5.62147,238,0,184,88,38,4.32294e-14
Engel_C,264483,1851477,MKL,PATCH_ORDERING,0,metis_kway,256,1309.07,5.67929,240,0,179,93,37,4.32171e-14
Engel_C,264483,1851477,MKL,PATCH_ORDERING,0,metis_kway,512,732.976,5.89597,224,0,188,95,39,4.31987e-14
Die_Lesende_C,264532,1851712,MKL,PATCH_ORDERING,0,rxmesh,32,2971.04,5.51895,313,0,193,84,37,4.31176e-14
Die_Lesende_C,264532,1851712,MKL,PATCH_ORDERING,0,rxmesh,64,156.681,5.5843,260,0,218,88,39,4.31339e-14
Die_Lesende_C,264532,1851712,MKL,PATCH_ORDERING,0,rxmesh,128,41.9715,5.63336,241,0,187,89,37,4.31172e-14
Die_Lesende_C,264532,1851712,MKL,PATCH_ORDERING,0,rxmesh,256,29.2465,5.60451,227,0,211,92,38,4.31217e-14
Die_Lesende_C,264532,1851712,MKL,PATCH_ORDERING,0,rxmesh,512,18.0876,5.8047,216,0,182,91,38,4.31166e-14
Die_Lesende_C,264532,1851712,MKL,PATCH_ORDERING,0,metis_kway,32,9474.17,5.55232,260,0,193,95,38,4.31001e-14
Die_Lesende_C,264532,1851712,MKL,PATCH_ORDERING,0,metis_kway,64,4484.82,5.57906,242,0,186,85,36,4.31264e-14
Die_Lesende_C,264532,1851712,MKL,PATCH_ORDERING,0,metis_kway,128,2476.33,5.63419,227,0,174,89,38,4.31115e-14
Die_Lesende_C,264532,1851712,MKL,PATCH_ORDERING,0,metis_kway,256,1394.28,5.70198,223,0,202,89,37,4.31073e-14
Die_Lesende_C,264532,1851712,MKL,PATCH_ORDERING,0,metis_kway,512,741.75,5.74762,204,0,179,94,42,4.31312e-14
Muellergruppe_C,271249,1898887,MKL,PATCH_ORDERING,0,rxmesh,32,2393.52,5.4741,318,0,188,87,38,4.38953e-14
Muellergruppe_C,271249,1898887,MKL,PATCH_ORDERING,0,rxmesh,64,222.804,5.54703,268,0,193,89,39,4.38496e-14
Muellergruppe_C,271249,1898887,MKL,PATCH_ORDERING,0,rxmesh,128,60.4948,5.64005,235,0,217,94,39,4.39002e-14
Muellergruppe_C,271249,1898887,MKL,PATCH_ORDERING,0,rxmesh,256,25.479,5.59944,253,0,190,97,38,4.38462e-14
Muellergruppe_C,271249,1898887,MKL,PATCH_ORDERING,0,rxmesh,512,12.635,5.76469,265,0,205,94,39,4.38756e-14
Muellergruppe_C,271249,1898887,MKL,PATCH_ORDERING,0,metis_kway,32,9642.44,5.56391,274,0,203,92,37,4.38549e-14
Muellergruppe_C,271249,1898887,MKL,PATCH_ORDERING,0,metis_kway,64,4730.57,5.63463,253,0,186,93,39,4.3899e-14
Muellergruppe_C,271249,1898887,MKL,PATCH_ORDERING,0,metis_kway,128,2480.8,5.61192,229,0,193,104,38,4.38911e-14
Muellergruppe_C,271249,1898887,MKL,PATCH_ORDERING,0,metis_kway,256,1446.08,5.71963,228,0,197,94,39,4.38405e-14
Muellergruppe_C,271249,1898887,MKL,PATCH_ORDERING,0,metis_kway,512,738.292,5.83582,234,0,192,102,39,4.38303e-14
AufspringendesPferd_C,272922,1910478,MKL,PATCH_ORDERING,0,rxmesh,32,2286.28,5.52854,314,0,196,85,36,4.3762e-14
AufspringendesPferd_C,272922,1910478,MKL,PATCH_ORDERING,0,rxmesh,64,135.685,5.59804,272,0,190,94,39,4.37575e-14
AufspringendesPferd_C,272922,1910478,MKL,PATCH_ORDERING,0,rxmesh,128,44.3587,5.65478,238,0,192,91,39,4.37623e-14
AufspringendesPferd_C,272922,1910478,MKL,PATCH_ORDERING,0,rxmesh,256,16.9348,5.67076,235,0,188,89,38,4.37477e-14
AufspringendesPferd_C,272922,1910478,MKL,PATCH_ORDERING,0,rxmesh,512,12.3935,5.70828,232,0,201,94,42,4.37772e-14
AufspringendesPferd_C,272922,1910478,MKL,PATCH_ORDERING,0,metis_kway,32,9907.23,5.75759,282,0,190,96,40,4.37465e-14
AufspringendesPferd_C,272922,1910478,MKL,PATCH_ORDERING,0,metis_kway,64,4655.55,5.56395,240,0,190,91,38,4.37628e-14
AufspringendesPferd_C,272922,1910478,MKL,PATCH_ORDERING,0,metis_kway,128,2679.54,5.71059,252,0,187,98,38,4.37625e-14
AufspringendesPferd_C,272922,1910478,MKL,PATCH_ORDERING,0,metis_kway,256,1403.21,5.85656,223,0,187,95,39,4.37571e-14
AufspringendesPferd_C,272922,1910478,MKL,PATCH_ORDERING,0,metis_kway,512,760.029,5.91444,202,0,188,98,39,4.37937e-14
Adolf_Schaerf_C,280600,1964166,MKL,PATCH_ORDERING,0,rxmesh,32,4648.02,5.60813,371,0,201,89,39,4.43498e-14
Adolf_Schaerf_C,280600,1964166,MKL,PATCH_ORDERING,0,rxmesh,64,103.218,5.63094,271,0,197,91,39,4.43393e-14
Adolf_Schaerf_C,280600,1964166,MKL,PATCH_ORDERING,0,rxmesh,128,79.7297,5.70109,254,0,203,93,39,4.43542e-14
Adolf_Schaerf_C,280600,1964166,MKL,PATCH_ORDERING,0,rxmesh,256,18.1207,5.71831,296,0,192,98,40,4.43426e-14
Adolf_Schaerf_C,280600,1964166,MKL,PATCH_ORDERING,0,rxmesh,512,18.4996,5.88006,222,0,204,99,40,4.43535e-14
Adolf_Schaerf_C,280600,1964166,MKL,PATCH_ORDERING,0,metis_kway,32,10151.1,5.73537,280,0,197,90,39,4.43593e-14
Adolf_Schaerf_C,280600,1964166,MKL,PATCH_ORDERING,0,metis_kway,64,4883.18,5.68569,261,0,198,93,39,4.43011e-14
Adolf_Schaerf_C,280600,1964166,MKL,PATCH_ORDERING,0,metis_kway,128,2710.34,5.73713,241,0,200,97,40,4.43488e-14
Adolf_Schaerf_C,280600,1964166,MKL,PATCH_ORDERING,0,metis_kway,256,1461.39,5.90441,233,0,192,98,40,4.43377e-14
Adolf_Schaerf_C,280600,1964166,MKL,PATCH_ORDERING,0,metis_kway,512,793.471,5.85378,223,0,200,107,44,4.43078e-14
Brigitta_C,286418,2004914,MKL,PATCH_ORDERING,0,rxmesh,32,4254.08,5.8021,324,0,198,96,40,4.49156e-14
Brigitta_C,286418,2004914,MKL,PATCH_ORDERING,0,rxmesh,64,339.267,5.81385,284,0,203,93,42,4.49206e-14
Brigitta_C,286418,2004914,MKL,PATCH_ORDERING,0,rxmesh,128,41.9817,5.96297,256,0,205,92,42,4.49374e-14
Brigitta_C,286418,2004914,MKL,PATCH_ORDERING,0,rxmesh,256,21.1068,5.85463,278,0,203,96,41,4.49265e-14
Brigitta_C,286418,2004914,MKL,PATCH_ORDERING,0,rxmesh,512,20.2138,6.15132,259,0,197,96,42,4.49274e-14
Brigitta_C,286418,2004914,MKL,PATCH_ORDERING,0,metis_kway,32,10300,5.94529,274,0,215,94,41,4.48462e-14
Brigitta_C,286418,2004914,MKL,PATCH_ORDERING,0,metis_kway,64,5011.79,5.87113,259,0,216,107,42,4.49104e-14
Brigitta_C,286418,2004914,MKL,PATCH_ORDERING,0,metis_kway,128,2802.95,5.94105,240,0,204,103,41,4.49224e-14
Brigitta_C,286418,2004914,MKL,PATCH_ORDERING,0,metis_kway,256,1462.85,6.06546,228,0,223,104,41,4.49292e-14
Brigitta_C,286418,2004914,MKL,PATCH_ORDERING,0,metis_kway,512,814.563,6.18068,211,0,212,115,42,4.49396e-14
Alexander_Olympias_CN,292158,2045126,MKL,PATCH_ORDERING,0,rxmesh,32,4069.1,5.50257,330,0,206,93,40,4.52632e-14
Alexander_Olympias_CN,292158,2045126,MKL,PATCH_ORDERING,0,rxmesh,64,221.687,5.56609,274,0,202,96,40,4.53146e-14
Alexander_Olympias_CN,292158,2045126,MKL,PATCH_ORDERING,0,rxmesh,128,54.1398,5.58262,292,0,207,100,42,4.5255e-14
Alexander_Olympias_CN,292158,2045126,MKL,PATCH_ORDERING,0,rxmesh,256,26.5533,5.77914,237,0,201,107,51,4.52681e-14
Alexander_Olympias_CN,292158,2045126,MKL,PATCH_ORDERING,0,rxmesh,512,22.6499,5.75506,234,0,209,98,41,4.5285e-14
Alexander_Olympias_CN,292158,2045126,MKL,PATCH_ORDERING,0,metis_kway,32,10496.7,5.63108,311,0,200,104,41,4.53091e-14
Alexander_Olympias_CN,292158,2045126,MKL,PATCH_ORDERING,0,metis_kway,64,5131.57,5.57638,252,0,199,101,42,4.53061e-14
Alexander_Olympias_CN,292158,2045126,MKL,PATCH_ORDERING,0,metis_kway,128,2707.68,5.71198,244,0,197,98,42,4.52578e-14
Alexander_Olympias_CN,292158,2045126,MKL,PATCH_ORDERING,0,metis_kway,256,1474.37,5.84243,236,0,199,100,41,4.52914e-14
Alexander_Olympias_CN,292158,2045126,MKL,PATCH_ORDERING,0,metis_kway,512,859.129,5.95631,213,0,214,101,42,4.52801e-14
Tennyson_Bust_Plaster,294944,2064592,MKL,PATCH_ORDERING,0,rxmesh,32,3878.67,5.18411,367,0,245,110,42,4.53861e-14
Tennyson_Bust_Plaster,294944,2064592,MKL,PATCH_ORDERING,0,rxmesh,64,99.3659,5.17111,312,0,230,93,40,4.5392e-14
Tennyson_Bust_Plaster,294944,2064592,MKL,PATCH_ORDERING,0,rxmesh,128,86.619,5.22722,302,0,226,94,40,4.539e-14
Tennyson_Bust_Plaster,294944,2064592,MKL,PATCH_ORDERING,0,rxmesh,256,28.6044,5.24561,271,0,228,93,40,4.5355e-14
Tennyson_Bust_Plaster,294944,2064592,MKL,PATCH_ORDERING,0,rxmesh,512,27.1194,5.38136,253,0,232,106,41,4.53742e-14
Tennyson_Bust_Plaster,294944,2064592,MKL,PATCH_ORDERING,0,metis_kway,32,11557.5,5.19504,320,0,244,95,41,4.54063e-14
Tennyson_Bust_Plaster,294944,2064592,MKL,PATCH_ORDERING,0,metis_kway,64,5447.96,5.29135,301,0,234,96,41,4.53665e-14
Tennyson_Bust_Plaster,294944,2064592,MKL,PATCH_ORDERING,0,metis_kway,128,2971.53,5.28432,282,0,230,99,42,4.53682e-14
Tennyson_Bust_Plaster,294944,2064592,MKL,PATCH_ORDERING,0,metis_kway,256,1638,5.37957,287,0,234,96,44,4.53878e-14
Tennyson_Bust_Plaster,294944,2064592,MKL,PATCH_ORDERING,0,metis_kway,512,948.275,5.47911,248,0,220,115,40,4.54225e-14
Aloisus_C,302919,2120469,MKL,PATCH_ORDERING,0,rxmesh,32,5536.2,5.39803,341,0,204,99,43,4.61137e-14
Aloisus_C,302919,2120469,MKL,PATCH_ORDERING,0,rxmesh,64,180.241,5.51572,289,0,202,101,43,4.61196e-14
Aloisus_C,302919,2120469,MKL,PATCH_ORDERING,0,rxmesh,128,61.2516,5.49715,269,0,206,101,46,4.61457e-14
Aloisus_C,302919,2120469,MKL,PATCH_ORDERING,0,rxmesh,256,22.5759,5.5939,248,0,205,102,43,4.60984e-14
Aloisus_C,302919,2120469,MKL,PATCH_ORDERING,0,rxmesh,512,13.5823,5.76744,264,0,212,103,43,4.61477e-14
Aloisus_C,302919,2120469,MKL,PATCH_ORDERING,0,metis_kway,32,11151.3,5.56402,281,0,205,98,42,4.61169e-14
Aloisus_C,302919,2120469,MKL,PATCH_ORDERING,0,metis_kway,64,5376.18,5.56846,262,0,208,100,42,4.61231e-14
Aloisus_C,302919,2120469,MKL,PATCH_ORDERING,0,metis_kway,128,2827.42,5.74877,283,0,208,102,43,4.61136e-14
Aloisus_C,302919,2120469,MKL,PATCH_ORDERING,0,metis_kway,256,1570.28,5.81776,239,0,207,107,42,4.61504e-14
Aloisus_C,302919,2120469,MKL,PATCH_ORDERING,0,metis_kway,512,862.896,5.77297,227,0,202,107,43,4.61235e-14
Nursia_C,302971,2120797,MKL,PATCH_ORDERING,0,rxmesh,32,3180.67,5.52073,324,0,214,103,41,4.62006e-14
Nursia_C,302971,2120797,MKL,PATCH_ORDERING,0,rxmesh,64,188.622,5.49449,297,0,211,98,42,4.62043e-14
Nursia_C,302971,2120797,MKL,PATCH_ORDERING,0,rxmesh,128,81.8862,5.67072,270,0,206,98,43,4.62184e-14
Nursia_C,302971,2120797,MKL,PATCH_ORDERING,0,rxmesh,256,24.4877,5.77264,248,0,218,119,42,4.62344e-14
Nursia_C,302971,2120797,MKL,PATCH_ORDERING,0,rxmesh,512,18.7809,5.83101,228,0,228,109,43,4.62014e-14
Nursia_C,302971,2120797,MKL,PATCH_ORDERING,0,metis_kway,32,11153,5.63141,285,0,207,98,48,4.62062e-14
Nursia_C,302971,2120797,MKL,PATCH_ORDERING,0,metis_kway,64,5438.44,5.71117,256,0,209,105,43,4.62113e-14
Nursia_C,302971,2120797,MKL,PATCH_ORDERING,0,metis_kway,128,2958.05,5.75909,256,0,229,98,42,4.61834e-14
Nursia_C,302971,2120797,MKL,PATCH_ORDERING,0,metis_kway,256,1552.66,5.76433,233,0,231,101,44,4.62221e-14
Nursia_C,302971,2120797,MKL,PATCH_ORDERING,0,metis_kway,512,908.384,5.89663,213,0,202,106,43,4.62414e-14
Faun_C_1,304509,2131611,MKL,PATCH_ORDERING,0,rxmesh,32,4688.8,5.2316,353,0,207,101,46,4.63249e-14
Faun_C_1,304509,2131611,MKL,PATCH_ORDERING,0,rxmesh,64,161.783,5.34266,287,0,200,99,41,4.62923e-14
Faun_C_1,304509,2131611,MKL,PATCH_ORDERING,0,rxmesh,128,48.5366,5.24981,255,0,233,93,43,4.63139e-14
Faun_C_1,304509,2131611,MKL,PATCH_ORDERING,0,rxmesh,256,17.5842,5.33731,251,0,214,107,42,4.6297e-14
Faun_C_1,304509,2131611,MKL,PATCH_ORDERING,0,rxmesh,512,18.4968,5.49807,229,0,214,98,44,4.6307e-14
Faun_C_1,304509,2131611,MKL,PATCH_ORDERING,0,metis_kway,32,11140.4,5.2965,299,0,211,95,41,4.63201e-14
Faun_C_1,304509,2131611,MKL,PATCH_ORDERING,0,metis_kway,64,5488.24,5.32569,273,0,208,98,42,4.6302e-14
Faun_C_1,304509,2131611,MKL,PATCH_ORDERING,0,metis_kway,128,2867.11,5.31974,254,0,212,96,44,4.63239e-14
Faun_C_1,304509,2131611,MKL,PATCH_ORDERING,0,metis_kway,256,1631.27,5.46284,254,0,209,107,43,4.63004e-14
Faun_C_1,304509,2131611,MKL,PATCH_ORDERING,0,metis_kway,512,880.207,5.58191,242,0,197,104,44,4.63329e-14
Mach_C,305241,2136675,MKL,PATCH_ORDERING,0,rxmesh,32,4720.21,5.81245,351,0,226,103,44,4.65131e-14
Mach_C,305241,2136675,MKL,PATCH_ORDERING,0,rxmesh,64,185.886,5.7966,284,0,221,98,44,4.64845e-14
Mach_C,305241,2136675,MKL,PATCH_ORDERING,0,rxmesh,128,54.1243,5.83945,269,0,218,101,43,4.6491e-14
Mach_C,305241,2136675,MKL,PATCH_ORDERING,0,rxmesh,256,25.129,5.95731,289,0,215,102,43,4.65004e-14
Mach_C,305241,2136675,MKL,PATCH_ORDERING,0,rxmesh,512,19.042,5.97336,239,0,216,106,44,4.65177e-14
Mach_C,305241,2136675,MKL,PATCH_ORDERING,0,metis_kway,32,11605.3,5.9064,292,0,215,104,44,4.64803e-14
Mach_C,305241,2136675,MKL,PATCH_ORDERING,0,metis_kway,64,5498.07,5.87597,260,0,226,102,44,4.65102e-14
Mach_C,305241,2136675,MKL,PATCH_ORDERING,0,metis_kway,128,2908.51,5.97454,253,0,226,117,48,4.65184e-14
Mach_C,305241,2136675,MKL,PATCH_ORDERING,0,metis_kway,256,1594.83,5.9908,281,0,210,106,47,4.65074e-14
Mach_C,305241,2136675,MKL,PATCH_ORDERING,0,metis_kway,512,881.501,6.15565,222,0,201,105,44,4.64758e-14
Sphere8,393218,2752514,MKL,PATCH_ORDERING,0,rxmesh,32,4321.79,9.49079,369,0,241,168,73,5.26221e-14
Sphere8,393218,2752514,MKL,PATCH_ORDERING,0,rxmesh,64,148.539,9.50182,326,0,240,161,71,5.26137e-14
Sphere8,393218,2752514,MKL,PATCH_ORDERING,0,rxmesh,128,41.9983,9.52316,285,0,247,172,73,5.26465e-14
Sphere8,393218,2752514,MKL,PATCH_ORDERING,0,rxmesh,256,21.1669,9.52284,274,0,241,170,72,5.26508e-14
Sphere8,393218,2752514,MKL,PATCH_ORDERING,0,rxmesh,512,19.8656,9.45993,268,0,241,180,72,5.26214e-14
Sphere8,393218,2752514,MKL,PATCH_ORDERING,0,metis_kway,32,14372.5,9.53077,384,0,249,183,74,5.26432e-14
Sphere8,393218,2752514,MKL,PATCH_ORDERING,0,metis_kway,64,7505.13,9.48786,278,0,243,167,71,5.26504e-14
Sphere8,393218,2752514,MKL,PATCH_ORDERING,0,metis_kway,128,3939.18,9.48956,255,0,240,174,71,5.26116e-14
Sphere8,393218,2752514,MKL,PATCH_ORDERING,0,metis_kway,256,2349.34,9.59516,250,0,228,193,71,5.26339e-14
Sphere8,393218,2752514,MKL,PATCH_ORDERING,0,metis_kway,512,1142.19,9.58775,254,0,250,182,72,5.26315e-14
BrainMid,396451,2775145,MKL,PATCH_ORDERING,0,rxmesh,32,70273.9,8.13605,413,0,269,175,68,5.36092e-14
BrainMid,396451,2775145,MKL,PATCH_ORDERING,0,rxmesh,64,298.804,8.23439,372,0,293,190,77,5.36393e-14
BrainMid,396451,2775145,MKL,PATCH_ORDERING,0,rxmesh,128,42.0844,8.23744,356,0,298,207,72,5.3661e-14
BrainMid,396451,2775145,MKL,PATCH_ORDERING,0,rxmesh,256,21.5103,8.23288,287,0,298,191,70,5.36089e-14
BrainMid,396451,2775145,MKL,PATCH_ORDERING,0,rxmesh,512,14.9576,8.19294,282,0,266,158,68,5.36052e-14
BrainMid,396451,2775145,MKL,PATCH_ORDERING,0,metis_kway,32,14253.9,8.1987,376,0,340,207,68,5.35973e-14
BrainMid,396451,2775145,MKL,PATCH_ORDERING,0,metis_kway,64,7820.72,8.24584,349,0,279,180,70,5.36311e-14
BrainMid,396451,2775145,MKL,PATCH_ORDERING,0,metis_kway,128,3917.8,8.24064,277,0,261,176,67,5.36178e-14
BrainMid,396451,2775145,MKL,PATCH_ORDERING,0,metis_kway,256,2172.32,8.27614,295,0,256,156,67,5.36193e-14
BrainMid,396451,2775145,MKL,PATCH_ORDERING,0,metis_kway,512,1244.74,8.26484,260,0,272,161,68,5.35969e-14
Fiddler_Crab_manifold,455246,3186664,MKL,PATCH_ORDERING,0,rxmesh,32,41094.2,4.87326,613,0,421,157,59,5.65651e-14
Fiddler_Crab_manifold,455246,3186664,MKL,PATCH_ORDERING,0,rxmesh,64,519.244,4.86368,512,0,433,144,58,5.65559e-14
Fiddler_Crab_manifold,455246,3186664,MKL,PATCH_ORDERING,0,rxmesh,128,79.3385,4.95178,485,0,410,148,59,5.65924e-14
Fiddler_Crab_manifold,455246,3186664,MKL,PATCH_ORDERING,0,rxmesh,256,57.3593,4.97478,462,0,399,142,59,5.65677e-14
Fiddler_Crab_manifold,455246,3186664,MKL,PATCH_ORDERING,0,rxmesh,512,23.5681,4.99838,452,0,391,148,60,5.65498e-14
Fiddler_Crab_manifold,455246,3186664,MKL,PATCH_ORDERING,0,metis_kway,32,18979.2,4.91537,540,0,418,147,58,5.6567e-14
Fiddler_Crab_manifold,455246,3186664,MKL,PATCH_ORDERING,0,metis_kway,64,9132.56,4.97465,495,0,404,140,60,5.65586e-14
Fiddler_Crab_manifold,455246,3186664,MKL,PATCH_ORDERING,0,metis_kway,128,4998.14,4.95629,524,0,412,147,59,5.65619e-14
Fiddler_Crab_manifold,455246,3186664,MKL,PATCH_ORDERING,0,metis_kway,256,2778.87,4.93111,420,0,405,141,59,5.65784e-14
Fiddler_Crab_manifold,455246,3186664,MKL,PATCH_ORDERING,0,metis_kway,512,1765.36,5.08037,435,0,384,139,59,5.65828e-14
Fiddler_Crab,455246,3186668,MKL,PATCH_ORDERING,0,rxmesh,32,19879.7,4.94608,614,0,424,161,61,5.65658e-14
Fiddler_Crab,455246,3186668,MKL,PATCH_ORDERING,0,rxmesh,64,286.567,4.88484,544,0,418,142,58,5.65816e-14
Fiddler_Crab,455246,3186668,MKL,PATCH_ORDERING,0,rxmesh,128,91.307,4.92059,489,0,406,141,59,5.65563e-14
Fiddler_Crab,455246,3186668,MKL,PATCH_ORDERING,0,rxmesh,256,42.6211,4.93651,452,0,403,146,59,5.65824e-14
Fiddler_Crab,455246,3186668,MKL,PATCH_ORDERING,0,rxmesh,512,44.1856,5.0044,546,0,436,144,60,5.65812e-14
Fiddler_Crab,455246,3186668,MKL,PATCH_ORDERING,0,metis_kway,32,18936.6,4.9049,538,0,449,138,58,5.65396e-14
Fiddler_Crab,455246,3186668,MKL,PATCH_ORDERING,0,metis_kway,64,8900.53,4.9967,490,0,435,144,60,5.65595e-14
Fiddler_Crab,455246,3186668,MKL,PATCH_ORDERING,0,metis_kway,128,4785.78,4.95047,463,0,433,153,60,5.65732e-14
Fiddler_Crab,455246,3186668,MKL,PATCH_ORDERING,0,metis_kway,256,2824.06,4.94557,469,0,403,140,59,5.65547e-14
Fiddler_Crab,455246,3186668,MKL,PATCH_ORDERING,0,metis_kway,512,1670.17,5.11692,440,0,386,161,59,5.65651e-14
Le_Transi_De_Rene_De_Chalon,494980,3465540,MKL,PATCH_ORDERING,0,rxmesh,32,22080.1,5.91854,647,0,467,168,86,5.89865e-14
Le_Transi_De_Rene_De_Chalon,494980,3465540,MKL,PATCH_ORDERING,0,rxmesh,64,555.213,5.97587,578,0,451,170,69,5.89436e-14
Le_Transi_De_Rene_De_Chalon,494980,3465540,MKL,PATCH_ORDERING,0,rxmesh,128,128.98,5.95914,556,0,446,166,70,5.89684e-14
Le_Transi_De_Rene_De_Chalon,494980,3465540,MKL,PATCH_ORDERING,0,rxmesh,256,31.623,6.16306,531,0,488,169,69,5.89478e-14
Le_Transi_De_Rene_De_Chalon,494980,3465540,MKL,PATCH_ORDERING,0,rxmesh,512,41.4392,6.08928,526,0,455,169,70,5.89463e-14
Le_Transi_De_Rene_De_Chalon,494980,3465540,MKL,PATCH_ORDERING,0,metis_kway,32,20956.2,5.95401,636,0,448,169,70,5.89417e-14
Le_Transi_De_Rene_De_Chalon,494980,3465540,MKL,PATCH_ORDERING,0,metis_kway,64,10156.1,5.99014,562,0,464,181,71,5.89559e-14
Le_Transi_De_Rene_De_Chalon,494980,3465540,MKL,PATCH_ORDERING,0,metis_kway,128,5519.52,6.06447,542,0,473,172,70,5.8958e-14
Le_Transi_De_Rene_De_Chalon,494980,3465540,MKL,PATCH_ORDERING,0,metis_kway,256,3228.83,6.266,593,0,454,177,71,5.89895e-14
Le_Transi_De_Rene_De_Chalon,494980,3465540,MKL,PATCH_ORDERING,0,metis_kway,512,1871.76,6.37279,510,0,465,181,71,5.89553e-14
elephant_zun-36_6_a_b-joined,516176,3605590,MKL,PATCH_ORDERING,0,rxmesh,32,395605,5.49172,507,0,341,164,68,5.98678e-14
elephant_zun-36_6_a_b-joined,516176,3605590,MKL,PATCH_ORDERING,0,rxmesh,64,1228.29,5.49772,433,0,394,162,67,5.98893e-14
elephant_zun-36_6_a_b-joined,516176,3605590,MKL,PATCH_ORDERING,0,rxmesh,128,105.021,5.57574,373,0,363,154,70,5.98708e-14
elephant_zun-36_6_a_b-joined,516176,3605590,MKL,PATCH_ORDERING,0,rxmesh,256,65.5995,5.57976,379,0,364,166,75,5.99023e-14
elephant_zun-36_6_a_b-joined,516176,3605590,MKL,PATCH_ORDERING,0,rxmesh,512,58.0342,5.56601,337,0,353,186,67,5.99049e-14
elephant_zun-36_6_a_b-joined,516176,3605590,MKL,PATCH_ORDERING,0,metis_kway,32,18954.5,5.49049,420,0,357,166,70,5.98794e-14
elephant_zun-36_6_a_b-joined,516176,3605590,MKL,PATCH_ORDERING,0,metis_kway,64,9601.69,5.58947,378,0,352,164,72,5.98962e-14
elephant_zun-36_6_a_b-joined,516176,3605590,MKL,PATCH_ORDERING,0,metis_kway,128,5278.68,5.59265,351,0,354,168,67,5.99003e-14
elephant_zun-36_6_a_b-joined,516176,3605590,MKL,PATCH_ORDERING,0,metis_kway,256,3131.43,5.67706,363,0,351,177,68,5.98714e-14
elephant_zun-36_6_a_b-joined,516176,3605590,MKL,PATCH_ORDERING,0,metis_kway,512,1529.49,5.77374,332,0,329,173,70,5.98955e-14
swirling_base,519010,3633058,MKL,PATCH_ORDERING,0,rxmesh,32,110266,6.05543,464,0,316,157,72,6.07807e-14
swirling_base,519010,3633058,MKL,PATCH_ORDERING,0,rxmesh,64,670.786,6.11447,404,0,312,181,72,6.0792e-14
swirling_base,519010,3633058,MKL,PATCH_ORDERING,0,rxmesh,128,442.626,6.08651,331,0,319,165,72,6.07957e-14
swirling_base,519010,3633058,MKL,PATCH_ORDERING,0,rxmesh,256,104.223,6.0729,310,0,321,165,71,6.0817e-14
swirling_base,519010,3633058,MKL,PATCH_ORDERING,0,rxmesh,512,28.3023,6.18158,340,0,308,173,72,6.0797e-14
swirling_base,519010,3633058,MKL,PATCH_ORDERING,0,metis_kway,32,18682.6,6.02714,367,0,306,166,71,6.0766e-14
swirling_base,519010,3633058,MKL,PATCH_ORDERING,0,metis_kway,64,9117.55,6.07714,326,0,310,177,73,6.07667e-14
swirling_base,519010,3633058,MKL,PATCH_ORDERING,0,metis_kway,128,5015.69,6.12227,307,0,305,175,91,6.07715e-14
swirling_base,519010,3633058,MKL,PATCH_ORDERING,0,metis_kway,256,2838.3,6.19624,297,0,291,193,86,6.08039e-14
swirling_base,519010,3633058,MKL,PATCH_ORDERING,0,metis_kway,512,1410.35,6.18964,280,0,293,176,73,6.07592e-14
week01,540639,3784601,MKL,PATCH_ORDERING,0,rxmesh,32,1.54584e+07,8.17778,479,0,301,191,89,6.16124e-14
week01,540639,3784601,MKL,PATCH_ORDERING,0,rxmesh,64,766.227,8.11369,390,0,293,188,87,6.15836e-14
week01,540639,3784601,MKL,PATCH_ORDERING,0,rxmesh,128,43.7432,8.20942,347,0,307,198,87,6.15812e-14
week01,540639,3784601,MKL,PATCH_ORDERING,0,rxmesh,256,28.5194,8.18516,325,0,293,192,87,6.15945e-14
week01,540639,3784601,MKL,PATCH_ORDERING,0,rxmesh,512,28.6546,8.24925,302,0,298,191,109,6.15835e-14
week01,540639,3784601,MKL,PATCH_ORDERING,0,metis_kway,32,19459.6,8.21084,378,0,287,219,88,6.15468e-14
week01,540639,3784601,MKL,PATCH_ORDERING,0,metis_kway,64,10337.3,8.15453,325,0,295,196,90,6.15861e-14
week01,540639,3784601,MKL,PATCH_ORDERING,0,metis_kway,128,5577.04,8.17604,317,0,311,207,108,6.16328e-14
week01,540639,3784601,MKL,PATCH_ORDERING,0,metis_kway,256,3262.82,8.18851,328,0,299,196,87,6.16389e-14
week01,540639,3784601,MKL,PATCH_ORDERING,0,metis_kway,512,1693.36,8.32949,299,0,278,203,89,6.15914e-14
root_planter_box_v4_solid_high-definition,559855,3919015,MKL,PATCH_ORDERING,0,rxmesh,32,3.52336e+07,8.16998,492,0,302,187,87,6.30356e-14
root_planter_box_v4_solid_high-definition,559855,3919015,MKL,PATCH_ORDERING,0,rxmesh,64,1684.38,8.23079,394,0,311,187,87,6.3018e-14
root_planter_box_v4_solid_high-definition,559855,3919015,MKL,PATCH_ORDERING,0,rxmesh,128,208.367,8.15157,361,0,308,188,86,6.30486e-14
root_planter_box_v4_solid_high-definition,559855,3919015,MKL,PATCH_ORDERING,0,rxmesh,256,60.6208,8.26434,312,0,315,191,87,6.30175e-14
root_planter_box_v4_solid_high-definition,559855,3919015,MKL,PATCH_ORDERING,0,rxmesh,512,29.7564,8.20624,345,0,307,188,87,6.30135e-14
root_planter_box_v4_solid_high-definition,559855,3919015,MKL,PATCH_ORDERING,0,metis_kway,32,19482.7,8.28198,378,0,301,188,87,6.30018e-14
root_planter_box_v4_solid_high-definition,559855,3919015,MKL,PATCH_ORDERING,0,metis_kway,64,10639.3,8.21267,345,0,304,187,87,6.30677e-14
root_planter_box_v4_solid_high-definition,559855,3919015,MKL,PATCH_ORDERING,0,metis_kway,128,5802.85,8.25813,313,0,313,194,87,6.29749e-14
root_planter_box_v4_solid_high-definition,559855,3919015,MKL,PATCH_ORDERING,0,metis_kway,256,3226.42,8.32781,314,0,297,190,88,6.30487e-14
root_planter_box_v4_solid_high-definition,559855,3919015,MKL,PATCH_ORDERING,0,metis_kway,512,1855.62,8.30512,296,0,284,194,88,6.30712e-14
20131013_Venus2,587827,4114761,MKL,PATCH_ORDERING,0,rxmesh,32,103940,5.55364,565,0,426,179,74,6.42086e-14
20131013_Venus2,587827,4114761,MKL,PATCH_ORDERING,0,rxmesh,64,925.676,5.59559,515,0,463,192,73,6.42323e-14
20131013_Venus2,587827,4114761,MKL,PATCH_ORDERING,0,rxmesh,128,286.674,5.68025,467,0,407,181,75,6.41921e-14
20131013_Venus2,587827,4114761,MKL,PATCH_ORDERING,0,rxmesh,256,62.294,5.85442,442,0,418,214,78,6.42e-14
20131013_Venus2,587827,4114761,MKL,PATCH_ORDERING,0,rxmesh,512,61.2741,5.91488,360,0,394,183,75,6.42102e-14
20131013_Venus2,587827,4114761,MKL,PATCH_ORDERING,0,metis_kway,32,24180.6,5.64285,473,0,429,179,74,6.42107e-14
20131013_Venus2,587827,4114761,MKL,PATCH_ORDERING,0,metis_kway,64,11397,5.70156,427,0,452,179,75,6.42338e-14
20131013_Venus2,587827,4114761,MKL,PATCH_ORDERING,0,metis_kway,128,6063.79,5.71575,390,0,430,178,75,6.42131e-14
20131013_Venus2,587827,4114761,MKL,PATCH_ORDERING,0,metis_kway,256,3533.08,5.84173,422,0,387,198,82,6.42111e-14
20131013_Venus2,587827,4114761,MKL,PATCH_ORDERING,0,metis_kway,512,2102.47,5.96112,373,0,406,212,76,6.4213e-14
vlamp,597380,4182236,MKL,PATCH_ORDERING,0,rxmesh,32,323752,3.46867,671,0,503,168,62,6.45797e-14
vlamp,597380,4182236,MKL,PATCH_ORDERING,0,rxmesh,64,1538.21,3.41032,556,0,478,164,61,6.45419e-14
vlamp,597380,4182236,MKL,PATCH_ORDERING,0,rxmesh,128,315.785,3.57034,511,0,458,170,63,6.45488e-14
vlamp,597380,4182236,MKL,PATCH_ORDERING,0,rxmesh,256,182.921,3.67411,485,0,456,167,63,6.45649e-14
vlamp,597380,4182236,MKL,PATCH_ORDERING,0,rxmesh,512,136.496,3.67581,547,0,541,170,63,6.4561e-14
vlamp,597380,4182236,MKL,PATCH_ORDERING,0,metis_kway,32,25356.2,3.48754,618,0,476,171,62,6.45771e-14
vlamp,597380,4182236,MKL,PATCH_ORDERING,0,metis_kway,64,12208,3.45203,538,0,466,171,61,6.45385e-14
vlamp,597380,4182236,MKL,PATCH_ORDERING,0,metis_kway,128,6434.73,3.6466,485,0,495,172,64,6.45528e-14
vlamp,597380,4182236,MKL,PATCH_ORDERING,0,metis_kway,256,3459.32,3.66397,478,0,462,165,64,6.4572e-14
vlamp,597380,4182236,MKL,PATCH_ORDERING,0,metis_kway,512,1938.03,3.66614,465,0,455,171,65,6.45784e-14
